question_id,exam_type,subject,topic,subtopic,difficulty,year,passage_id,question_text,image_url,option_a,option_b,option_c,option_d,correct_option,explanation,tags,source,status
ACC-J00632,JAMB,Accounting,,,medium,1995,,Equity shareholders' fund is,,₦133 000,₦120 000,₦113 000,₦100 000,,,jamb-archive|needs-key|needs-figure,past-question,draft
ACC-J00633,JAMB,Accounting,,,medium,1995,,"If a 10% dividend is approved, what is the dividend payable to ordinary shareholders?",,₦13 000,₦11 300,₦10 000,₦8 000,,,jamb-archive|needs-key|needs-figure,past-question,draft
ACC-J00634,JAMB,Accounting,,,medium,1995,,Accumulated depreciation on the asset as at 31/12/81 was,,₦2 487 500 .00,₦2 736 250 . 00,₦4 511 192.00,₦4 975 000 .00,,,jamb-archive|needs-key|needs-figure,past-question,draft
ACC-J00635,JAMB,Accounting,,,medium,1995,,Trade creditors account was maintained at 25% of the capital. What was the balance in the trade creditors account as at 31/12/92?,,₦29 800,₦29 500,₦29 400,₦29 000,,,jamb-archive|needs-key|needs-figure,past-question,draft
ACC-J00636,JAMB,Accounting,,,medium,1995,,"What was the balance showed wages, ₦2 500 and a note stated that ₦500 wages were due but unpaid when preparing final accounts and loss account with",,₦3 000 and show wages accrued ₦500 in the balance sheet,₦2 000 and show wages accrued ₦500 in the balance sheet,₦3 000 and show wages perpaid ₦500 in the balance sheet,₦2000 and show wages paid in advance ₦500 in the balace sheet,,,jamb-archive|needs-key|needs-figure,past-question,draft
ACC-J00637,JAMB,Accounting,,,medium,1995,,"The trial balance showed wages, ₦2 500 and a note stated that ₦500 wages, were due but unpaid when preparing final accounts and loss account with",,₦3000 and show wages accrued ₦500 in the balance sheet in the balance sheet,₦2 000 and show wages accured ₦500 in the balance sheet,₦3000 and show wages prepaid ₦500 in the balance sheet,₦2000 and show wages paid in advance ₦500 in the balance sheet,,,jamb-archive|needs-key|needs-figure,past-question,draft
ACC-J00638,JAMB,Accounting,,,medium,1997,,What is the balance of the bank account shown above?,,₦88 500 debit,₦88 500 credit,₦59 410 credit,₦59 410 debit,,,jamb-archive|needs-key|needs-figure,past-question,draft
ACC-J00639,JAMB,Accounting,,,medium,1997,,Additional information : 1: 1: 93 31 : 12 : 93 N N Subscription in arrears 300 450 Furniture 7000 Subscription received in advance 500 400 Rate owing 50 60 Subscription relating to the accounting year 1993 in the income and expenditure account is,,₦15 050,₦14 550,₦14 300,₦13 400,,,jamb-archive|needs-key|needs-figure,past-question,draft
ACC-J00640,JAMB,Accounting,,,medium,1997,,Accumulated fund on 1st January 1993 is,,₦8 570,₦8 470,₦850,₦7 520,,,jamb-archive|needs-key|needs-figure,past-question,draft
ACC-J00641,JAMB,Accounting,,,medium,1997,,What is the working capital?,,₦12 000,₦11 000,₦8 000,₦4 000,,,jamb-archive|needs-key|needs-figure,past-question,draft
ACC-J00642,JAMB,Accounting,,,medium,1997,,The acid test ratio in the company is,,1:1,1:2,2:3,3:2,,,jamb-archive|needs-key|needs-figure,past-question,draft
ACC-J00643,JAMB,Accounting,,,medium,1997,,"The Current account above had some errors in the arrangement of the accounts for Musa, Kalu and Lawal The Correct closing balance for Musa's current account is",,₦36 000 Credit,₦16 600 credit,₦16 600 debit,₦1 800 credit,,,jamb-archive|needs-key|needs-figure,past-question,draft
ACC-J00644,JAMB,Accounting,,,medium,1997,,"The Current account above had some errors in the arrangement of the accounts for Musa, Kalu and Lawal] The correct closing balance for lawal's current account is",,₦21 100 debit,₦14 740 debit,₦14 740 credit,₦540 credit,,,jamb-archive|needs-key|needs-figure,past-question,draft
ACC-J00645,JAMB,Accounting,,,medium,1999,,Use the information below to answer the question The quick ratio is,,0. 82: 1,0. 91:1,0.95:1,1:53:1,,,jamb-archive|needs-key|needs-figure,past-question,draft
ACC-J00646,JAMB,Accounting,,,medium,1999,,Determine the owners equity,,"₦200,000","₦215,000","₦275,000","₦755,000",,,jamb-archive|needs-key|needs-figure,past-question,draft
BIO-J00709,JAMB,Biology,,,medium,1990,,The part labelled 3 is the,,leaf scar,lenticle,auxillary bud,girdle scar,,,jamb-archive|needs-key|needs-figure,past-question,draft
BIO-J00710,JAMB,Biology,,,medium,1990,,Which part of the twig produces auxins?,,4,3,2,1,,,jamb-archive|needs-key|needs-figure,past-question,draft
BIO-J00711,JAMB,Biology,,,medium,1990,,The type of placentation shown in the figure above is a,,parietal,marginal,axile,free-central,,,jamb-archive|needs-key|needs-figure,past-question,draft
BIO-J00712,JAMB,Biology,,,medium,1990,,What stage during cell division is represented in the figure above?,,Prophase,Metaphase,Anaphase,Telophase,,,jamb-archive|needs-key|needs-figure,past-question,draft
BIO-J00713,JAMB,Biology,,,medium,1990,,Which of the following is an omnivore?,,Praying mantis,Hawk,Mouse,Grasshopper,,,jamb-archive|needs-key|needs-figure,past-question,draft
BIO-J00714,JAMB,Biology,,,medium,1990,,Which structure is the glomerulus?,,5,3,2,1,,,jamb-archive|needs-key|needs-figure,past-question,draft
BIO-J00715,JAMB,Biology,,,medium,1990,,"If the blood is too concentrated, more water is absorbed from?",,5,4,3,1,,,jamb-archive|needs-key|needs-figure,past-question,draft
BIO-J00716,JAMB,Biology,,,medium,1990,,All the cell bodies in the spinal cord are found in,,1,2,3,4,,,jamb-archive|needs-key|needs-figure,past-question,draft
BIO-J00717,JAMB,Biology,,,medium,1990,,"In a reflex action, impulse flows from",,1 to 2,2 to 1,4 to 1,4 to 2,,,jamb-archive|needs-key|needs-figure,past-question,draft
BIO-J00718,JAMB,Biology,,,medium,1991,,Which of the following structure is associated with aerobic respiration?,,1,2,3,4,,,jamb-archive|needs-key|needs-figure,past-question,draft
BIO-J00719,JAMB,Biology,,,medium,1991,,The structure labelled 5 is used for,,protein synthesis,energy production,secretion,excretion,,,jamb-archive|needs-key|needs-figure,past-question,draft
BIO-J00720,JAMB,Biology,,,medium,1991,,"After 30 minutes, the level of sugar solution in the above figure will?",,rise in x only,rise in Y only,be the same in X and Y,fall in Y,,,jamb-archive|needs-key|needs-figure,past-question,draft
BIO-J00721,JAMB,Biology,,,medium,1991,,The process by which water moves from X to Y through the semi-permeable membrane is called,,diffusion,osmosis,active diffusion,osmoregulation,,,jamb-archive|needs-key|needs-figure,past-question,draft
BIO-J00722,JAMB,Biology,,,medium,1991,,The above diagram represents a competitive interaction between organism in communities I and II. Which of the following statements is CORRECT?,,The population of I was higher than II at the beginning of the experiments,II was wiped out from the enviroment at the end of the experiments,The population of II was always lower than that of,The population of I was lower at the end of the experiment than at the beginning,,,jamb-archive|needs-key|needs-figure,past-question,draft
BIO-J00723,JAMB,Biology,,,medium,1991,,The structure labelled 4 is for,,feeding,attachment,excretion,respiration,,,jamb-archive|needs-key|needs-figure,past-question,draft
BIO-J00724,JAMB,Biology,,,medium,1991,,"As the tadpole develops, the structure labelled 5",,grows longer,becomes shorter,becomes the hind legs,remains unchanged,,,jamb-archive|needs-key|needs-figure,past-question,draft
BIO-J00725,JAMB,Biology,,,medium,1991,,"In the digestive system, absorption of nutrient into the blood takes place in the part labeled?",,1,2,3,4,,,jamb-archive|needs-key|needs-figure,past-question,draft
BIO-J00726,JAMB,Biology,,,medium,1991,,"The gland which produces trypsin, amylase and lipase is labeled?",,6,4,2,1,,,jamb-archive|needs-key|needs-figure,past-question,draft
BIO-J00727,JAMB,Biology,,,medium,1992,,The structure labelled X is used by the organism in the same way as man uses his?,,oesophagus,trachea,stomach,intestine,,,jamb-archive|needs-key|needs-figure,past-question,draft
BIO-J00728,JAMB,Biology,,,medium,1992,,The structure labelled Y is the,,food vacuole,nucleolous,macronucleus,contractile vacuole,,,jamb-archive|needs-key|needs-figure,past-question,draft
BIO-J00729,JAMB,Biology,,,medium,1992,,The structure labelled 5 is the,,sweat gland,sebaceous gland,blood vessel,nerve fibre,,,jamb-archive|needs-key|needs-figure,past-question,draft
BIO-J00730,JAMB,Biology,,,medium,1992,,Melanin and keratin are produced in the part labelled,,2,3,4,5,,,jamb-archive|needs-key|needs-figure,past-question,draft
BIO-J00731,JAMB,Biology,,,medium,1992,,The part labelled 3 is the,,cartilage,ligament,synovial fluid,bone,,,jamb-archive|needs-key|needs-figure,past-question,draft
BIO-J00732,JAMB,Biology,,,medium,1992,,The function of the part labelled 1 is to,,secrete a fluid which lubricates the joint,attach muscles to the bones at the joint,bend the bones at the joint,hold the joint in place,,,jamb-archive|needs-key|needs-figure,past-question,draft
BIO-J00733,JAMB,Biology,,,medium,1992,,Which part of the curve represents the fastest rate of growth?,,K,L,M,N,,,jamb-archive|needs-key|needs-figure,past-question,draft
BIO-J00734,JAMB,Biology,,,medium,1992,,The grand period of growth is represented by,,N,M,L,K,,,jamb-archive|needs-key|needs-figure,past-question,draft
BIO-J00735,JAMB,Biology,,,medium,1992,,Which level of the pyramid has the least total stored energy?,,E,F,G,H,,,jamb-archive|needs-key|needs-figure,past-question,draft
BIO-J00736,JAMB,Biology,,,medium,1992,,Which organism in the pyramid functions as a tertiary consumer?,,Algea,Shark,Tadpole,Tilapia,,,jamb-archive|needs-key|needs-figure,past-question,draft
BIO-J00737,JAMB,Biology,,,medium,1993,,Which of the labelled parts is the diastema?,,2,3,4,6,,,jamb-archive|needs-key|needs-figure,past-question,draft
BIO-J00738,JAMB,Biology,,,medium,1993,,This lower jaw is typical of a,,sheep,rabbit,dog,cat,,,jamb-archive|needs-key|needs-figure,past-question,draft
BIO-J00739,JAMB,Biology,,,medium,1993,,"In H, the cotyledons are carried above the soil because",,the epicotyl grows faster than the hypocotyl,the hypocotyl grows faster than the epicotyl,both grow at the same rate,the epicotyl outgrow the radicle,,,jamb-archive|needs-key|needs-figure,past-question,draft
BIO-J00740,JAMB,Biology,,,medium,1993,,The function of the structure labelled G is to,,carry out initial photosynthesis for the seedlings,protect the young leaves from mechanical damage,protect the young leaves from sun light,protect the young leaves from insects pest,,,jamb-archive|needs-key|needs-figure,past-question,draft
BIO-J00741,JAMB,Biology,,,medium,1993,,"In the illustration above, the genotypes of the offsprings are",,1 heterozygous smooth : 2 homozygous smooth : 1 wrinkled,1 homozygous smooth : 2 heterozygous smooth : 1 wrinkled,2 homozygous smooth : 2 wrinkled,3 heterozygous smooth : 2 wrinkled,,,jamb-archive|needs-key|needs-figure,past-question,draft
BIO-J00742,JAMB,Biology,,,medium,1993,,Which of the following is the correct order of the developmental stages?,,1->2->3->4->5,5->1->3->2->4,2->1->3->4->5,5->3->2->1->4,,,jamb-archive|needs-key|needs-figure,past-question,draft
BIO-J00743,JAMB,Biology,,,medium,1993,,Stage 3 breathes,,with the lungs,with the external gills,with the internal gills,through the skin,,,jamb-archive|needs-key|needs-figure,past-question,draft
BIO-J00744,JAMB,Biology,,,medium,1993,,Blood is pumped into the right ventricle by the contraction of the auricle wall through,,1,3,5,6,,,jamb-archive|needs-key|needs-figure,past-question,draft
BIO-J00745,JAMB,Biology,,,medium,1993,,"After circulation in the lungs, the blood returns to the left auricle through",,1,4,5,6,,,jamb-archive|needs-key|needs-figure,past-question,draft
BIO-J00746,JAMB,Biology,,,medium,1994,,Which of the labelled parts allows for efficient absorption of water and minerals?,,I,II,III,IV,,,jamb-archive|needs-key|needs-figure,past-question,draft
BIO-J00747,JAMB,Biology,,,medium,1994,,starch is usually stored in the part labelled,,I,II,III,Iv,,,jamb-archive|needs-key|needs-figure,past-question,draft
BIO-J00748,JAMB,Biology,,,medium,1994,,The most appropriate title for the set up is,,quantitative measurement of respiration in plants and animals,measurement of respiratory rates in living organisms,comparison between photosynthesis and respiration,comparison of respiratory rates in plants and animals,,,jamb-archive|needs-key|needs-figure,past-question,draft
BIO-J00749,JAMB,Biology,,,medium,1994,,The part labelled j is called,,porosimeter,potometer,manometer,auxanometer,,,jamb-archive|needs-key|needs-figure,past-question,draft
BIO-J00750,JAMB,Biology,,,medium,1994,,The vertebra illustrated is,,lumbar,thoracic,caudal,cervical,,,jamb-archive|needs-key|needs-figure,past-question,draft
BIO-J00751,JAMB,Biology,,,medium,1994,,THe neural arch is labelled,,I,II,III,IV,,,jamb-archive|needs-key|needs-figure,past-question,draft
BIO-J00752,JAMB,Biology,,,medium,1994,,The graph above shows the relationship between the body and atmospheric temperature for dog and lizard. What is the most appropriate deduction that could be made from the graph?,,Lizards are more likely to survive hazards than dogs,Both animals maintain a constant body temperature,The dog's body temperature is independent of the external temperature,The lizard's body temperature varies with that of the dog,,,jamb-archive|needs-key|needs-figure,past-question,draft
BIO-J00753,JAMB,Biology,,,medium,1994,,The parts used for feeding is labelled,,I,J,K,L,,,jamb-archive|needs-key|needs-figure,past-question,draft
BIO-J00754,JAMB,Biology,,,medium,1994,,The mouth part of the insect is adapted for,,biting and chewing,sucking and chewing,biting and sucking,piercing and sucking,,,jamb-archive|needs-key|needs-figure,past-question,draft
BIO-J00755,JAMB,Biology,,,medium,1995,,Protein-like bodies are borne on the part labelled,,II,III,IV,V,,,jamb-archive|needs-key|needs-figure,past-question,draft
BIO-J00756,JAMB,Biology,,,medium,1995,,The sexual reproductive function is performed by the part labelled,,I,II,IV,V,,,jamb-archive|needs-key|needs-figure,past-question,draft
BIO-J00757,JAMB,Biology,,,medium,1995,,The type of placentaion shown is,,axial,marginal,parietal,central,,,jamb-archive|needs-key|needs-figure,past-question,draft
BIO-J00758,JAMB,Biology,,,medium,1995,,An example of a plant having the placentation shown is,,allamander,hibiscus,water lily,pride of Barbados,,,jamb-archive|needs-key|needs-figure,past-question,draft
BIO-J00759,JAMB,Biology,,,medium,1995,,The diagram represents,,sensory neurone,relay neurone,afferent neurone,motor neurone,,,jamb-archive|needs-key|needs-figure,past-question,draft
BIO-J00760,JAMB,Biology,,,medium,1995,,The part labelled X is the,,axon,cell body,terminal dendrites,synapse,,,jamb-archive|needs-key|needs-figure,past-question,draft
BIO-J00761,JAMB,Biology,,,medium,1997,,The structure labelled I is the,,Golgi body,mitochondrion,endoplasmic reticulum,vacuole,,,jamb-archive|needs-key|needs-figure,past-question,draft
BIO-J00762,JAMB,Biology,,,medium,1997,,Protein is synthesized in the part labelled,,I,II,III,Iv,,,jamb-archive|needs-key|needs-figure,past-question,draft
BIO-J00763,JAMB,Biology,,,medium,1997,,The part that is similar to the bone is labelled,,IV,III,II,I,,,jamb-archive|needs-key|needs-figure,past-question,draft
BIO-J00764,JAMB,Biology,,,medium,1997,,The part labelled I and II constitute the,,Crown,neck,root,gum,,,jamb-archive|needs-key|needs-figure,past-question,draft
BIO-J00765,JAMB,Biology,,,medium,1997,,The function of the part labelled V is for the passage of,,pollen tube and pollen nucleus,"air, water and pollen nucleus","air, antipodal cells and ovum",synergids and egg cell,,,jamb-archive|needs-key|needs-figure,past-question,draft
BIO-J00766,JAMB,Biology,,,medium,1997,,The female gamete is represented by,,I,II,III,Iv,,,jamb-archive|needs-key|needs-figure,past-question,draft
BIO-J00767,JAMB,Biology,,,medium,1997,,The type of vegetative reproduction illustrated in the diagram above is,,grafting,adventitious bud,sucker,aerial layering,,,jamb-archive|needs-key|needs-figure,past-question,draft
BIO-J00768,JAMB,Biology,,,medium,1997,,coconut and oil palm fruits can be grouped as,,berry,legume,capsule,drupe,,,jamb-archive|needs-key|needs-figure,past-question,draft
BIO-J00769,JAMB,Biology,,,medium,1997,,Which organism in the food-web illustrated above is an omnivore?,,Weevils,Rat,Hawk,Prayer mantis,,,jamb-archive|needs-key|needs-figure,past-question,draft
BIO-J00770,JAMB,Biology,,,medium,1998,,The structure labelled I is formed as a result of the fusion of,,two pairs of nuclei,several pairs of nuclei,a pair of nuclei,two pairs of nucleoli,,,jamb-archive|needs-key|needs-figure,past-question,draft
BIO-J00771,JAMB,Biology,,,medium,1998,,The special name of the part labelled II is,,gametangium,hypha,suspensor,zygospore,,,jamb-archive|needs-key|needs-figure,past-question,draft
BIO-J00772,JAMB,Biology,,,medium,1998,,The ovary represented is,,half-superior,inferior,superior,half-inferior,,,jamb-archive|needs-key|needs-figure,past-question,draft
BIO-J00773,JAMB,Biology,,,medium,1998,,The corolla is partly represented by,,I,II,III,Iv,,,jamb-archive|needs-key|needs-figure,past-question,draft
BIO-J00774,JAMB,Biology,,,medium,1998,,The unrestricted pattern is represented by,,I,II,III,IV,,,jamb-archive|needs-key|needs-figure,past-question,draft
BIO-J00775,JAMB,Biology,,,medium,1998,,The line that represents efficient recycling combined with stringent conservation is,,IV,III,II,I,,,jamb-archive|needs-key|needs-figure,past-question,draft
BIO-J00776,JAMB,Biology,,,medium,1998,,The bird's bill adapted for fishing is labelled,,I,II,III,IV,,,jamb-archive|needs-key|needs-figure,past-question,draft
BIO-J00777,JAMB,Biology,,,medium,1998,,"Toes of the feet ending in sharp, curved hook suitable for holding and tearing are most likely to belong to the bird with the bill in",,I,II,III,IV,,,jamb-archive|needs-key|needs-figure,past-question,draft
BIO-J00778,JAMB,Biology,,,medium,1999,,The structure labelled II is used for,,tasting,feeling,biting,sucking,,,jamb-archive|needs-key|needs-figure,past-question,draft
BIO-J00779,JAMB,Biology,,,medium,1999,,The structure labeled III represents the,,mandible,palp,proboscis,labium,,,jamb-archive|needs-key|needs-figure,past-question,draft
BIO-J00780,JAMB,Biology,,,medium,1999,,The part labelled III is for,,protection,insulation,lubrication,growth,,,jamb-archive|needs-key|needs-figure,past-question,draft
BIO-J00781,JAMB,Biology,,,medium,1999,,The structure labelled II is known as,,sweat gland,lymph vessel,blood vessel,nerve ending,,,jamb-archive|needs-key|needs-figure,past-question,draft
BIO-J00782,JAMB,Biology,,,medium,1999,,The structure labelled II articulates with III to form,,sliding joint,hinge joint,pivot joint,ball-and-socket joint,,,jamb-archive|needs-key|needs-figure,past-question,draft
BIO-J00783,JAMB,Biology,,,medium,1999,,Which of the bones is the radius?,,I,II,III,IV,,,jamb-archive|needs-key|needs-figure,past-question,draft
BIO-J00784,JAMB,Biology,,,medium,2000,,The part that will develop into an organ for feeling is labelled,,IV,III,II,I,,,jamb-archive|needs-key|needs-figure,past-question,draft
BIO-J00785,JAMB,Biology,,,medium,2000,,The part labelled II is the?,,silk thread,thorax,fore wing,anchor,,,jamb-archive|needs-key|needs-figure,past-question,draft
BIO-J00786,JAMB,Biology,,,medium,2000,,The parts labelled I and II make up the,,glomerulus,convoluted tubules,Malpighian body,Bowman's capsule,,,jamb-archive|needs-key|needs-figure,past-question,draft
BIO-J00787,JAMB,Biology,,,medium,2000,,"In mammals, reabsorption of salt takes place in",,IV,III,II,I,,,jamb-archive|needs-key|needs-figure,past-question,draft
BIO-J00788,JAMB,Biology,,,medium,2000,,The substance labelled II originates from,,III only,IV only,I and IV,III and Iv,,,jamb-archive|needs-key|needs-figure,past-question,draft
BIO-J00789,JAMB,Biology,,,medium,2000,,The gas occupying the space labelled I is,,carbon (IV) oxide,nitrogen,hydrogen,oxygen,,,jamb-archive|needs-key|needs-figure,past-question,draft
BIO-J00790,JAMB,Biology,,,medium,2000,,The part labelled II is the,,mesocarp,pericarp,endocarp,epicarp,,,jamb-archive|needs-key|needs-figure,past-question,draft
BIO-J00791,JAMB,Biology,,,medium,2000,,The fruit represented is mainly dispersed by?,,animals,water,wind,birds,,,jamb-archive|needs-key|needs-figure,past-question,draft
BIO-J00792,JAMB,Biology,,,medium,2000,,The soil becomes toxic to plants when the concentration of its essential elements is in the range labelled,,IV,III,II,I,,,jamb-archive|needs-key|needs-figure,past-question,draft
BIO-J00793,JAMB,Biology,,,medium,2000,,The range at which soil essential elements concentration is recorded for optimal plant growth is marked,,IV,III,II,I,,,jamb-archive|needs-key|needs-figure,past-question,draft
COM-J00652,JAMB,Commerce,,,medium,1994,,What are fixtures and fittings in a balance sheet?,,liquid capital,current assets,fixed assets,working capital,,,jamb-archive|needs-key|needs-figure,past-question,draft
COM-J00653,JAMB,Commerce,,,medium,1994,,"What is the working capital as at December 31,1992?",,₦65 250,₦60 000,₦48 650,₦41 950,,,jamb-archive|needs-key|needs-figure,past-question,draft
COM-J00654,JAMB,Commerce,,,medium,1994,,"A company earned a total revenue of ₦108 million with a total cost of ₦91 million in 1991. If it paid 45% tax on its gross profit for that year, determine its net profit.",,₦24.65 million,₦17.00million,₦9. 35 million,₦7.65million,,,jamb-archive|needs-key|needs-figure,past-question,draft
COM-J00655,JAMB,Commerce,,,medium,1998,,Use the information Above to answer this question What is the current ratio?,,4:1,4.5:1,5:1,25.5:1,,,jamb-archive|needs-key|needs-figure,past-question,draft
COM-J00656,JAMB,Commerce,,,medium,1998,,Use the information above to answer this question What is the ratio?,,2.95:1,4.25:1,4.75:1,"5,55:1",,,jamb-archive|needs-key|needs-figure,past-question,draft
COM-J00657,JAMB,Commerce,,,medium,1998,,Which of the following sequences can best fit into the structure above?,,People control ideals,Material production ideas,Finance marketing production,Material production product,,,jamb-archive|needs-key|needs-figure,past-question,draft
COM-J00658,JAMB,Commerce,,,medium,1999,,Use the document below to answer question Okon Etim Esin is the?,,debtor,creditor,exporter,importer,,,jamb-archive|needs-key|needs-figure,past-question,draft
COM-J00659,JAMB,Commerce,,,medium,1999,,The document represents a,,Bill of exchange,Cheque,Money order,A. Promissory note,,,jamb-archive|needs-key|needs-figure,past-question,draft
COM-J00660,JAMB,Commerce,,,medium,2000,,Determined the circulating capital?,,"₦250,000","₦245,000","₦235,000","₦225,000",,,jamb-archive|needs-key|needs-figure,past-question,draft
COM-J00661,JAMB,Commerce,,,medium,2000,,The chart above represent the?,,product mix relationship,marketing mix relationship,promotion mix elationship,advertising mix relationship,,,jamb-archive|needs-key|needs-figure,past-question,draft
COM-J00662,JAMB,Commerce,,,medium,2000,,The organizational structure above represents,,line and functional structure,line and staff structure,functional structure,line structure,,,jamb-archive|needs-key|needs-figure,past-question,draft
ECO-J00804,JAMB,Economics,,,medium,1990,,The flow labelled Y refers to,,real income,factor payment,factor input,national income,,,jamb-archive|needs-key|needs-figure,past-question,draft
ECO-J00805,JAMB,Economics,,,medium,1990,,The lower half of the diagram indicates,,the flow of goods and services,payments for goods and services,the flow of income,government transactions,,,jamb-archive|needs-key|needs-figure,past-question,draft
ECO-J00806,JAMB,Economics,,,medium,1990,,The relationship between tax rate and income which is relevant to a progressive tax is shown by,,curve X,curveY,curve Z,curve X and Z,,,jamb-archive|needs-key|needs-figure,past-question,draft
ECO-J00807,JAMB,Economics,,,medium,1990,,THE RELATIONSHIP BETWEEN TAX RATE AND INCOME WHICH IS RELEVANT TO A PROPORTIONAL TAX IS DEPICTED BY,,CURVES Z AND Y,CURVE X,CURVE Z,CURVE Y,,,jamb-archive|needs-key|needs-figure,past-question,draft
ECO-J00808,JAMB,Economics,,,medium,1990,,"In the diagram above, RTX and STY are the marginal cost and the average cost curves responsively of a perfectly competitive firm. The supply curve of the firm is indicated by",,TX,RT,ST,TY,,,jamb-archive|needs-key|needs-figure,past-question,draft
ECO-J00809,JAMB,Economics,,,medium,1990,,"Which of the following graphs represents the price-quantity relationship between tea and lemon, if they are perfect complements? choose the answer from the option above",,A,B,C,D,,,jamb-archive|needs-key|needs-figure,past-question,draft
ECO-J00810,JAMB,Economics,,,medium,1991,,"Consider the following diagram where XYZ represents the average curve of a firm. XY shows that as out put increases the average declines. However, this decline cannot continue indefinitely because",,managerial economies,indivisibilities,the extent of the market,the pooling of dissimilar risks,,,jamb-archive|needs-key|needs-figure,past-question,draft
ECO-J00811,JAMB,Economics,,,medium,1991,,The firm portrayed is selling in,,a purely competitive market,a market in which demand elastic at all prices,an imperfectly competitive markket,a market in which companies produce homogeneous commodities,,,jamb-archive|needs-key|needs-figure,past-question,draft
ECO-J00812,JAMB,Economics,,,medium,1991,,Demand is relatively inelastic,,at P 2 range,in the P 2 P 4 price range,at P 3 only,at any price below P 2,,,jamb-archive|needs-key|needs-figure,past-question,draft
ECO-J00813,JAMB,Economics,,,medium,1991,,"Consider the table which shows output (o), total cost (TC)of production and marginal cost (MC) for a firm in a competitive market. Suppose price (P) = ₦12, what is the maximum profit the firm can make ?",,₦2000.00,1 200.00,1000.00,400.00,,,jamb-archive|needs-key|needs-figure,past-question,draft
ECO-J00814,JAMB,Economics,,,medium,1991,,The excess profit made by the firm in the short-run is represented by,,ORTZ,OPVY,ORTW,ORSX,,,jamb-archive|needs-key|needs-figure,past-question,draft
ECO-J00815,JAMB,Economics,,,medium,1991,,The long-run equilibrium price and quantity for the firm are respectively,,"OP,OY","OR,OZ","OR,OX","OQ,OZ",,,jamb-archive|needs-key|needs-figure,past-question,draft
ECO-J00816,JAMB,Economics,,,medium,1991,,The value of total output in the economy using the value added approach is,,₦57.00,37.00,20.00,15.00,,,jamb-archive|needs-key|needs-figure,past-question,draft
ECO-J00817,JAMB,Economics,,,medium,1991,,Which of the following statements must hold if price discrimination is to be possible?,,Elasticities in the various markets must not differ,The seller must recognise the possibility of resale,The market must not be separated but integrated,The markets should be seperable and there should be no resale.,,,jamb-archive|needs-key|needs-figure,past-question,draft
ECO-J00818,JAMB,Economics,,,medium,1992,,"In the diagram, the profit maximizing output is",,Q 1 while 1 = AC and II = MC,"Q 1 , while l = MC and ll = AC","Q 2 , while l = MC and ll AC","Q 3 , while l = AC and ll = MC",,,jamb-archive|needs-key|needs-figure,past-question,draft
ECO-J00819,JAMB,Economics,,,medium,1992,,"if in the graph, it is assumed that the price is initially P 1 , it can be deduced that price will",,fall because there is a surplus,remain constant because it is the equilibrium price,rise because there is a shortage,double,,,jamb-archive|needs-key|needs-figure,past-question,draft
ECO-J00820,JAMB,Economics,,,medium,1992,,Calculate the marginal physical product of the last unit of input,,o,2,4,10,,,jamb-archive|needs-key|needs-figure,past-question,draft
ECO-J00821,JAMB,Economics,,,medium,1992,,At what level of input has diminishing marginal returns set in?,,3,16,20,22,,,jamb-archive|needs-key|needs-figure,past-question,draft
ECO-J00822,JAMB,Economics,,,medium,1993,,"Given an output of 3 units, the average is",,₦16.00,₦18.00,20.00,24.00,,,jamb-archive|needs-key|needs-figure,past-question,draft
ECO-J00823,JAMB,Economics,,,medium,1993,,Determine the marginal revenue if the total revenue is 80.00,,6.00,12.00,14.00,18.00,,,jamb-archive|needs-key|needs-figure,past-question,draft
ECO-J00824,JAMB,Economics,,,medium,1993,,"In the diagram, the marginal propensity to consume (MPC) is equal to",,(frac{RP}{TP}),(frac{TP}{RP}),(frac{RT}{RP}),(frac{RT}{TP}),,,jamb-archive|needs-key|needs-figure,past-question,draft
ECO-J00825,JAMB,Economics,,,medium,1993,,"In the diagram above, what is the lowest possible price the monopolist could charge and still break even without there being excess demand?",,P d,P 2,P 3,P 4,,,jamb-archive|needs-key|needs-figure,past-question,draft
ECO-J00826,JAMB,Economics,,,medium,1993,,"From the diagram above, a shift in the demand curve from D o D o to D 1 D 1 implies",,a rise in the demand for the commodity,a fluctuation in the demand for the commodity,a fall in the demand for the commodity,an equilibrrium in the demand for the commodity,,,jamb-archive|needs-key|needs-figure,past-question,draft
ECO-J00827,JAMB,Economics,,,medium,1993,,Using the table calculate the net income,,₦58m,₦54m,₦50m,₦46m,,,jamb-archive|needs-key|needs-figure,past-question,draft
ECO-J00828,JAMB,Economics,,,medium,1993,,What type of unemployment is revealed by the dotted lines on the graph?,,frictional unemployment,Cyclical unemployment,Circular unemployment,Underemployment,,,jamb-archive|needs-key|needs-figure,past-question,draft
ECO-J00829,JAMB,Economics,,,medium,1993,,The above diagram showing the maximum possible combination of commodities X and Y produced in Nigeria is called the,,Production indicator,Maximum production curve,Production possibility curve,Total output curve,,,jamb-archive|needs-key|needs-figure,past-question,draft
ECO-J00830,JAMB,Economics,,,medium,1993,,How many units of good X is produced for 8 units of commodity Y?,,80,40,20,O,,,jamb-archive|needs-key|needs-figure,past-question,draft
ECO-J00831,JAMB,Economics,,,medium,1994,,The diagram represents a production function. At which of the points does diminishing returns set in,,I,J,K,L,,,jamb-archive|needs-key|needs-figure,past-question,draft
ECO-J00832,JAMB,Economics,,,medium,1994,,"If the economy of the country is operating at X, the implication is that",,the productive capacity is being fully utilized,the productive capacity is not being fully utilized,too little of consumer goods is being produced,there is a disequilibrium between the production of capital and consumer goods,,,jamb-archive|needs-key|needs-figure,past-question,draft
ECO-J00833,JAMB,Economics,,,medium,1994,,What is the equilibrium quantity?,,50,250,350,450,,,jamb-archive|needs-key|needs-figure,past-question,draft
ECO-J00834,JAMB,Economics,,,medium,1994,,"Above the equilibrium point, a further rise in price tends to",,increase demand and restrict supply,restrict demand and decrease supply,increase demand and decrease supply,decrease demand and increase supply,,,jamb-archive|needs-key|needs-figure,past-question,draft
ECO-J00835,JAMB,Economics,,,medium,1994,,Elasticity of demand is an effective tool in the hand of a producer in that it enables him,,"rise his profits and lower his, costs",discourage buyers from cheating,determine what he will produce,set his price to maximize his profit,,,jamb-archive|needs-key|needs-figure,past-question,draft
ECO-J00836,JAMB,Economics,,,medium,1995,,"In the circular flow of income above, the direction of flow of payments for consumption purchases is shown by the arrow",,K,L,M,N,,,jamb-archive|needs-key|needs-figure,past-question,draft
ECO-J00837,JAMB,Economics,,,medium,1995,,"In this table, the marginal product of the 2nd worker and the average product of the 5th worker respectively are",,23 and 20,22 and 19,14 and 19,11 and 20,,,jamb-archive|needs-key|needs-figure,past-question,draft
ECO-J00838,JAMB,Economics,,,medium,1995,,"In the diagram above, the total revenue of the monopolist is given by the area",,OQ 1 MP 2,P 4 MTP 1,OQ 1 TP 1,OQ 2 SP 2,,,jamb-archive|needs-key|needs-figure,past-question,draft
ECO-J00839,JAMB,Economics,,,medium,1995,,The diagram above explains the effect of government's imposition of an indirect tax on a good characterized by zero price elasticity of demand. The total tax revenue is represented by,,P 1 EHP o,P o HQ o 0,P 1 EQ o 0O,P 1 ED 1 P o,,,jamb-archive|needs-key|needs-figure,past-question,draft
ECO-J00840,JAMB,Economics,,,medium,1995,,The diagram above explains the effect of government's imposition of an indirect tax on a good characterized by zero price elasticity of demand.The tax imposed is borne,,totally by the consumer,totally by the producer,equally by both the consumer and the producer,by the the government,,,jamb-archive|needs-key|needs-figure,past-question,draft
ECO-J00841,JAMB,Economics,,,medium,1997,,The current stage of the economy is depicted in curve 1. Point P suggests that the economy is,,reaching full employment but not full prodduction,attaining full production but not full employment,under capitalized,attaining both full employment and full production,,,jamb-archive|needs-key|needs-figure,past-question,draft
ECO-J00842,JAMB,Economics,,,medium,1997,,The movement of curve I to ll suggests,,an improvement in capital goods technology but not in consumer goods technology,a movement from unemployment to full employment,that the output for the society has declined,a gain in consumer goods technique and not in capital goods technique,,,jamb-archive|needs-key|needs-figure,past-question,draft
ECO-J00843,JAMB,Economics,,,medium,1997,,"From the diagram above, the quantity of output is determined by the point",,M,N,H,F,,,jamb-archive|needs-key|needs-figure,past-question,draft
ECO-J00844,JAMB,Economics,,,medium,1997,,"In the diagram below, the curve which represents firm's short-run average variable cost is curve",,l,ll,lll,IV,,,jamb-archive|needs-key|needs-figure,past-question,draft
ECO-J00845,JAMB,Economics,,,medium,1998,,"In the diagram above, full employment is indicated by",,L,M,N,P,,,jamb-archive|needs-key|needs-figure,past-question,draft
ECO-J00846,JAMB,Economics,,,medium,1998,,"From the table above, the total utility for the individual who consumes 3 units of commodity X is",,50 units,150 units,230 units,250 units,,,jamb-archive|needs-key|needs-figure,past-question,draft
ECO-J00847,JAMB,Economics,,,medium,1998,,Population Statistics of a Country. The dependency ratio between 1960 and 1990 is,,increased by 5%,increased by 2%,decrease by 2%,decrease by 5%,,,jamb-archive|needs-key|needs-figure,past-question,draft
ECO-J00848,JAMB,Economics,,,medium,1998,,"Population Statistics of a Country. In 1990, the difference between the dependent population and the active population ratio is",,22%,20%,16%,4%,,,jamb-archive|needs-key|needs-figure,past-question,draft
ECO-J00849,JAMB,Economics,,,medium,1998,,What is the average total cost when output is 200 units in the table above is,,₦1.00,₦2.0,₦1.20,₦2.40,,,jamb-archive|needs-key|needs-figure,past-question,draft
ECO-J00850,JAMB,Economics,,,medium,1998,,"In the diagram above, the price P 2 in price control situation, is referred to as",,minimum price,markup price,maximum price,mark-down price,,,jamb-archive|needs-key|needs-figure,past-question,draft
ECO-J00851,JAMB,Economics,,,medium,1998,,The shaded triangle in the diagram above is known as,,excess supply,consumer surplus,excess consumption,producer surplus,,,jamb-archive|needs-key|needs-figure,past-question,draft
ECO-J00852,JAMB,Economics,,,medium,1998,,"In the diagram above, D o D o is the original demand curve, S o S o is the original supply curve, D 1 D 1 is the new demand curve. What is the new equilibrium quantity?",,Q 1,Q 2,Q 3,Q 4,,,jamb-archive|needs-key|needs-figure,past-question,draft
ECO-J00853,JAMB,Economics,,,medium,1998,,"In the diagram above, profit is maximized at 1 he output level",,ON,OK,OL,OF,,,jamb-archive|needs-key|needs-figure,past-question,draft
ECO-J00854,JAMB,Economics,,,medium,1999,,From the table calculate the national income,,"₦18,500m","19,000m","19,500m","20,500m",,,jamb-archive|needs-key|needs-figure,past-question,draft
ECO-J00855,JAMB,Economics,,,medium,1999,,"In the table, the income elasticity of clothing is",,0.5,2.0,2.5,5.0.l,,,jamb-archive|needs-key|needs-figure,past-question,draft
ECO-J00856,JAMB,Economics,,,medium,1999,,The graphs illustrate,,joint demand,derived demand,composite demand,competitive demand,,,jamb-archive|needs-key|needs-figure,past-question,draft
ECO-J00857,JAMB,Economics,,,medium,1999,,"In the diagram above, the consumer attains equilibrium at point",,G,H,J,K,,,jamb-archive|needs-key|needs-figure,past-question,draft
ECO-J00858,JAMB,Economics,,,medium,1999,,Use the diagram above to answer this question. Points E 6 and E 5 are respectively equilibrium points for,,D o and S o D o and S 2,D 1 and S 2 ; D 2 and S o,D 2 and S 1 ;D 2 and S 2,D 2 and S o D o and S 2,,,jamb-archive|needs-key|needs-figure,past-question,draft
ECO-J00859,JAMB,Economics,,,medium,1999,,Use the diagram above to answer this question. Identity the three Important factors that can make So to become either S1 or S2,,"Technology, weather and population","Technology, price and tastes","Weather, price and technology","Population, weather and taste",,,jamb-archive|needs-key|needs-figure,past-question,draft
ECO-J00860,JAMB,Economics,,,medium,1999,,Calculate the total number of people engaged in tertiary production from the data above,,"5,000,000","6,250,000","11,750,000","12,250,000",,,jamb-archive|needs-key|needs-figure,past-question,draft
ECO-J00861,JAMB,Economics,,,medium,2000,,The supply of commodity II increasing from S 1 S 1 to S 2 S 2,,Moves the price below OP 2,Leads to a fall in price from OP 1 to OP 2,Increases the price from OP 2 to OP 1,Moves the price to OP 1,,,jamb-archive|needs-key|needs-figure,past-question,draft
ECO-J00862,JAMB,Economics,,,medium,2000,,Commodities I and II are,,competitive supply,Substitute supply,Joint supply,Derived supply,,,jamb-archive|needs-key|needs-figure,past-question,draft
ECO-J00863,JAMB,Economics,,,medium,2000,,In the diagram L 1 L 1 and L 2 L 2 are budget lines. 1 1 1 2 and 1 3 are indifference curves. which points are optimal?,,U and W,V and W,U and Z,Y and Z,,,jamb-archive|needs-key|needs-figure,past-question,draft
ECO-J00864,JAMB,Economics,,,medium,2000,,The average product Y is,,15.5,14.6,12.0,8.0,,,jamb-archive|needs-key|needs-figure,past-question,draft
ECO-J00865,JAMB,Economics,,,medium,2000,,The marginal product X is,,18,20,24,25,,,jamb-archive|needs-key|needs-figure,past-question,draft
ECO-J00866,JAMB,Economics,,,medium,2000,,"In a price-taking firm, the portion UT above is the firm's",,average revenue curve,Long-run average cost curve,demand curve,supply curve,,,jamb-archive|needs-key|needs-figure,past-question,draft
ECO-J00867,JAMB,Economics,,,medium,2000,,If the pass mark was 40. how many students passed the examination?,,100,120,160,200,,,jamb-archive|needs-key|needs-figure,past-question,draft
ECO-J00868,JAMB,Economics,,,medium,2000,,How many student took the examination?,,280,240,200,80,,,jamb-archive|needs-key|needs-figure,past-question,draft
ECO-J00869,JAMB,Economics,,,medium,2000,,The firm whose sales and total revenue of the commodity as given in the table is,,a monopolist,a monopolistic competitor,an oligopolist,a perfect competitor,,,jamb-archive|needs-key|needs-figure,past-question,draft
GEO-J00674,JAMB,Geography,,,medium,1990,,The diagram showing proportion are,,P and Q,P and S,Q and S,"P, Q and S",,,jamb-archive|needs-key|needs-figure,past-question,draft
GEO-J00675,JAMB,Geography,,,medium,1990,,"In P, what percentage does Cameroun account for?",,9%,12%,15%,18%,,,jamb-archive|needs-key|needs-figure,past-question,draft
GEO-J00676,JAMB,Geography,,,medium,1990,,The graphic technique used in Q is,,simple line graph,polygraph,compound line graph,flow lines,,,jamb-archive|needs-key|needs-figure,past-question,draft
GEO-J00677,JAMB,Geography,,,medium,1990,,Rainfall would normally be expected at location,,1,2,3,4,,,jamb-archive|needs-key|needs-figure,past-question,draft
GEO-J00678,JAMB,Geography,,,medium,1990,,In which direction will the winds blow?,,clockwise,ani-clockwise,parallel to the isobars,at right angle to the isobars,,,jamb-archive|needs-key|needs-figure,past-question,draft
GEO-J00679,JAMB,Geography,,,medium,1990,,The agricultural products associated with the shaded areas are,,livestock and wheat,timber and maize,cattle and rice,sheep and coffee,,,jamb-archive|needs-key|needs-figure,past-question,draft
GEO-J00680,JAMB,Geography,,,medium,1990,,Region 1 is located in the,,Apalachians,Great lake region,Great plains,Rockies,,,jamb-archive|needs-key|needs-figure,past-question,draft
GEO-J00681,JAMB,Geography,,,medium,1990,,Region 2 is located in the,,Amazon basin,Pampas,Campos,Llanos,,,jamb-archive|needs-key|needs-figure,past-question,draft
GEO-J00682,JAMB,Geography,,,medium,1990,,The total length of River Kudi is approximately,,22km,20km,18km,16km,,,jamb-archive|needs-key|needs-figure,past-question,draft
GEO-J00683,JAMB,Geography,,,medium,1990,,The channel of River Kudi is broad and,,Incised,Graded,Shallow,U-shaped,,,jamb-archive|needs-key|needs-figure,past-question,draft
GEO-J00684,JAMB,Geography,,,medium,1990,,The general landscape of the area can be described as a,,Flood plain,High plain,Pediplain,Peneplain,,,jamb-archive|needs-key|needs-figure,past-question,draft
GEO-J00685,JAMB,Geography,,,medium,1990,,Which of the following settlements has the grid reference 098172?,,Dan,Biu,Bika,Maga,,,jamb-archive|needs-key|needs-figure,past-question,draft
GEO-J00686,JAMB,Geography,,,medium,1990,,A major problem the settlements in this area are likely to face is that of?,,Poor drainage,Poor accesibility,Dense vegetation,Infertile soils,,,jamb-archive|needs-key|needs-figure,past-question,draft
GEO-J00687,JAMB,Geography,,,medium,1991,,"The diversions marked T, X, Y and Z are known collectively as",,zonations,bedding planes,sedimentation,geologic formations,,,jamb-archive|needs-key|needs-figure,past-question,draft
GEO-J00688,JAMB,Geography,,,medium,1991,,The features marked PQ is a fault,,line,scarp,slope,plane,,,jamb-archive|needs-key|needs-figure,past-question,draft
GEO-J00689,JAMB,Geography,,,medium,1991,,Which of the following cross sections best illustrates a glaciated valley?,,I,II,III,IV,,,jamb-archive|needs-key|needs-figure,past-question,draft
GEO-J00690,JAMB,Geography,,,medium,1991,,The cross section marked IV best illustrate a river valley at its,,upper course,middle course,lower course,source,,,jamb-archive|needs-key|needs-figure,past-question,draft
GEO-J00691,JAMB,Geography,,,medium,1991,,The highest point in the area lies above,,300m,325m,350m,375m,,,jamb-archive|needs-key|needs-figure,past-question,draft
GEO-J00692,JAMB,Geography,,,medium,1991,,The length Owa River from its source to where it terminates in the area mapped is?,,19km,20km,23km,25km,,,jamb-archive|needs-key|needs-figure,past-question,draft
GEO-J00693,JAMB,Geography,,,medium,1991,,There are more settlements to the south because the,,Land to the north being more fertile is reserved for farming,Areas to the north are liable to flooding,Terrain to the south is less rugged,North is more prone to river blindness,,,jamb-archive|needs-key|needs-figure,past-question,draft
GEO-J00694,JAMB,Geography,,,medium,1991,,River Owa overflows its bank because,,Its valley has become shallow due to the deposition of alluvium,The volume of water has been increased by rainfall,Farmers block its channel with farm wastes,Its valley is narrow,,,jamb-archive|needs-key|needs-figure,past-question,draft
GEO-J00695,JAMB,Geography,,,medium,1991,,"Assuming that the area depicted on the map is located in the tropics, what crops are likely to thrive during the dry season in the area marked W?",,Tomatoes and onions,Upland rice and millet,Yams and potatoes,Soya beans and cowpeas,,,jamb-archive|needs-key|needs-figure,past-question,draft
GEO-J00696,JAMB,Geography,,,medium,1992,,The temperature in the month of December at station Y is,,4 o C,-4 o C,24 o C,32 o C,,,jamb-archive|needs-key|needs-figure,past-question,draft
GEO-J00697,JAMB,Geography,,,medium,1992,,Monthly temperatures are above the average in,,8months,7months,6months,5months,,,jamb-archive|needs-key|needs-figure,past-question,draft
GEO-J00698,JAMB,Geography,,,medium,1992,,Aperi is typically a,,Confluence town,Dry point,Wet point settlement,Foothill settlement,,,jamb-archive|needs-key|needs-figure,past-question,draft
GEO-J00699,JAMB,Geography,,,medium,1992,,The feature marked J is a,,Valley,Pass,Col,Shoulder,,,jamb-archive|needs-key|needs-figure,past-question,draft
GEO-J00700,JAMB,Geography,,,medium,1992,,The average gradient the slope marked L-K is approximately,,1:15,1:17,1:19,1:21,,,jamb-archive|needs-key|needs-figure,past-question,draft
GEO-J00701,JAMB,Geography,,,medium,1992,,The roads in the area shown on the map appear to have been constructed mainly to avoid,,Footslopes,Steep gradients,Upland areas,Building bridges,,,jamb-archive|needs-key|needs-figure,past-question,draft
GEO-J00702,JAMB,Geography,,,medium,1992,,Which type of land management is best suited for the area around Aperi?,,Terracing,Contour Ploughing,Afforestation,Rreclamation,,,jamb-archive|needs-key|needs-figure,past-question,draft
GEO-J00703,JAMB,Geography,,,medium,1993,,Which type of climate is depicted by the graph?,,Humid mid latitude in the northern hemisphere,Humid subtropical in the southern hemisphere,Rainy tropical in the southern hemisphere,Equitorial hot and wet in the northern hemisphere,,,jamb-archive|needs-key|needs-figure,past-question,draft
GEO-J00704,JAMB,Geography,,,medium,1993,,The temperature of this region is characterized by a,,low annual range of about 30 o C,seasonal range of more than 10 o C,high diurnal range of more than 15 o C,marked effect of altitude,,,jamb-archive|needs-key|needs-figure,past-question,draft
GEO-J00705,JAMB,Geography,,,medium,1993,,The most important minerals found in the area marked X are,,iron ore and thorium,galena and tantalite,lead and zinc,tin and columbite,,,jamb-archive|needs-key|needs-figure,past-question,draft
GEO-J00706,JAMB,Geography,,,medium,1993,,The major environmental problem associated with the area marked Y is,,drought,insect pest,oil pollution,gully erosion,,,jamb-archive|needs-key|needs-figure,past-question,draft
GEO-J00707,JAMB,Geography,,,medium,1993,,The most extensive vegetation type in the area marked Z is the,,fresh water swamp,mangrove swamp,coastal thicket,rain forest,,,jamb-archive|needs-key|needs-figure,past-question,draft
GEO-J00708,JAMB,Geography,,,medium,1993,,Which of the ocean currents on the map is the Benguela Current?,,1,2,3,4,,,jamb-archive|needs-key|needs-figure,past-question,draft
GEO-J00709,JAMB,Geography,,,medium,1993,,The shaded areas marked Y on the map are,,Salt lakes,Major groundwater aquifers,Oil-producing areas,Regions of large-scale irrigation,,,jamb-archive|needs-key|needs-figure,past-question,draft
GEO-J00710,JAMB,Geography,,,medium,1993,,The Ahaggar plateau is the shaded area marked,,P,Q,R,S,,,jamb-archive|needs-key|needs-figure,past-question,draft
GEO-J00711,JAMB,Geography,,,medium,1993,,The broken lines in the diagram above represent a,,River capture,Ridge,Watershed,Rift valley,,,jamb-archive|needs-key|needs-figure,past-question,draft
GEO-J00712,JAMB,Geography,,,medium,1993,,The main work of the rivers in the shaded area is likely to be,,Terracing,Lateral Erosion,Deposition,Down-cutting,,,jamb-archive|needs-key|needs-figure,past-question,draft
GEO-J00713,JAMB,Geography,,,medium,1993,,The area shown on the map is a,,Scarpland,Ridge,Dissected plain,Rugged upland,,,jamb-archive|needs-key|needs-figure,past-question,draft
GEO-J00714,JAMB,Geography,,,medium,1993,,The principal functions of Ubi are most likely to be,,"Religion, health care and farming","Transportation, education and commerce","Transportation, manufacturing and health care","Farming, education and commerce",,,jamb-archive|needs-key|needs-figure,past-question,draft
GEO-J00715,JAMB,Geography,,,medium,1993,,The approximate height of the rest house north-east of Jeta is,,30m,40m,45m,50m,,,jamb-archive|needs-key|needs-figure,past-question,draft
GEO-J00716,JAMB,Geography,,,medium,1993,,The drainage pattern of the Gindi river basin is,,Rectangular,Radial,Trellis,Dendritic,,,jamb-archive|needs-key|needs-figure,past-question,draft
GEO-J00717,JAMB,Geography,,,medium,1993,,The low density of settlements in the Gindi river basin is best explained by the,,Rough topograghy,Dense forest,Poor transport network,Scarcity of farmland,,,jamb-archive|needs-key|needs-figure,past-question,draft
GEO-J00718,JAMB,Geography,,,medium,1994,,"If the total population of the city is 500,000. What is the population of ward4?",,"150,000","125,000","100,000","75,000",,,jamb-archive|needs-key|needs-figure,past-question,draft
GEO-J00719,JAMB,Geography,,,medium,1994,,An alternative graphic method that can be used to depict the same information is the,,dot map,proportional circle,divided rectangle,choropeth,,,jamb-archive|needs-key|needs-figure,past-question,draft
GEO-J00720,JAMB,Geography,,,medium,1994,,The area shaded and marked Q is well known for its,,oil palm forest,crdue oil,swamp rice,ginger plantation,,,jamb-archive|needs-key|needs-figure,past-question,draft
GEO-J00721,JAMB,Geography,,,medium,1994,,Which important mineral is exploited at the place marked X?,,tin ore,iron ore,limestone,gold,,,jamb-archive|needs-key|needs-figure,past-question,draft
GEO-J00722,JAMB,Geography,,,medium,1994,,What climatic type is illustrated in the graph?,,Montane,Equatorial,Mediterranean,Monsoon,,,jamb-archive|needs-key|needs-figure,past-question,draft
GEO-J00723,JAMB,Geography,,,medium,1994,,The annual range of temperature as shown in the graph is approximately,,4 o C,8 o C,24 o C,28 o C,,,jamb-archive|needs-key|needs-figure,past-question,draft
GEO-J00724,JAMB,Geography,,,medium,1994,,The length of the main road from Robo junction to Oseb junction is approximately,,6.5km,7.5km,8.5km,9.5km,,,jamb-archive|needs-key|needs-figure,past-question,draft
GEO-J00725,JAMB,Geography,,,medium,1994,,The relative relief of the area is slightly above,,75m,105m,485m,575m,,,jamb-archive|needs-key|needs-figure,past-question,draft
GEO-J00726,JAMB,Geography,,,medium,1994,,The major human activity in the area is probably,,Farming,Fishing,Lumbering,Ranching,,,jamb-archive|needs-key|needs-figure,past-question,draft
GEO-J00727,JAMB,Geography,,,medium,1994,,The feature marked Y is best described as,,Valley,Spur,Gap,Pass,,,jamb-archive|needs-key|needs-figure,past-question,draft
GEO-J00728,JAMB,Geography,,,medium,1994,,The roads in the area run mainly along,,Steep slopes,Hilltops,Gentle slopes,Watersheds,,,jamb-archive|needs-key|needs-figure,past-question,draft
GEO-J00729,JAMB,Geography,,,medium,1995,,The fault scarp is marked?,,P,Q,R,S,,,jamb-archive|needs-key|needs-figure,past-question,draft
GEO-J00730,JAMB,Geography,,,medium,1995,,The faults both sides of the horst are?,,normal faults,reversed faults,tear faults,thrust faults,,,jamb-archive|needs-key|needs-figure,past-question,draft
GEO-J00731,JAMB,Geography,,,medium,1995,,The river marked S has been dammed for Hydroelectric power generation at,,Shiroro gorge,Jebba,Goronyo,Kurra falls,,,jamb-archive|needs-key|needs-figure,past-question,draft
GEO-J00732,JAMB,Geography,,,medium,1995,,The shaded areas numbered 1-6 are,,Biological deserts of the world,Major areas of nomadic grazing,Sparsely populated regions of the world,Mountains of the world,,,jamb-archive|needs-key|needs-figure,past-question,draft
GEO-J00733,JAMB,Geography,,,medium,1995,,The stippled coastal seas are the world's major areas of,,Fish farming,Whaling,Deep sea fishing,Commercial fishing,,,jamb-archive|needs-key|needs-figure,past-question,draft
GEO-J00734,JAMB,Geography,,,medium,1995,,The major exports from the pacific country shown to the regions indicted by arrows are,,"Coal, gas and crude oil","Automobiles, electronics and manpower","Fish, electronics and manpower","Automobiles, aircraft and iron ore",,,jamb-archive|needs-key|needs-figure,past-question,draft
GEO-J00735,JAMB,Geography,,,medium,1995,,"Which of the areas marked F,G,H,J and K are well known for rearing of cattle, sheep and pigs?",,"F,G,H","F,G,J","F,J,K","G,H,J",,,jamb-archive|needs-key|needs-figure,past-question,draft
GEO-J00736,JAMB,Geography,,,medium,1995,,The areas marked P are noted for the production of,,Iron ore,crude oil,Sugarcane,Wheat,,,jamb-archive|needs-key|needs-figure,past-question,draft
GEO-J00737,JAMB,Geography,,,medium,1995,,What is the approximate length of the broad and shallow of River Amy?,,5.3km,7.3km,12.8km,15.0km,,,jamb-archive|needs-key|needs-figure,past-question,draft
GEO-J00738,JAMB,Geography,,,medium,1995,,The deposition along the channel of River Amy to the south west is probably due to the,,A construction of a dam across the river,Fall in gradient at the base of the hill,Marked increase in the rivers erosive power,Channelization of the river course,,,jamb-archive|needs-key|needs-figure,past-question,draft
GEO-J00739,JAMB,Geography,,,medium,1995,,The topography of the area may be be described as,,A plateau with a broad footslope plain,A fllod plain with a monodnock,An undulating high plain with occasional inselbergs,A rugged hill with a pediment slope,,,jamb-archive|needs-key|needs-figure,past-question,draft
GEO-J00740,JAMB,Geography,,,medium,1995,,The pattern of settlement distribution in the area is BEST explained in terms of the,,Drainage,Slope,Vegetation,Soils,,,jamb-archive|needs-key|needs-figure,past-question,draft
GEO-J00741,JAMB,Geography,,,medium,1995,,The woodland vegetation in the area is probably due to the,,Low level of lumbering activity,Humus rich soils,Abundant orographic rainfall,Steep gradient precluding cultivation,,,jamb-archive|needs-key|needs-figure,past-question,draft
GEO-J00742,JAMB,Geography,,,medium,1997,,The drainage pattern illustrated in the diagram is,,annular,centripetal,radial,trellised,,,jamb-archive|needs-key|needs-figure,past-question,draft
GEO-J00743,JAMB,Geography,,,medium,1997,,The type of pattern illustrated is normally associated with,,Basins,domes,troughs,graben,,,jamb-archive|needs-key|needs-figure,past-question,draft
GEO-J00744,JAMB,Geography,,,medium,1997,,The point marked with solid triangles are the locations of Nigeria's,,Thermal power stations,International airports,Automobile assembly,Oil refineries,,,jamb-archive|needs-key|needs-figure,past-question,draft
GEO-J00745,JAMB,Geography,,,medium,1997,,The shaded areas labelled Y on the map are noted for,,Dry season wheat cultivation,Floodland rice cultivation,Large-scale fish farming,Large-scale irrigation farming,,,jamb-archive|needs-key|needs-figure,past-question,draft
GEO-J00746,JAMB,Geography,,,medium,1997,,The shaded areas labelled X on the map indicate the probable areas of the occurrence of,,Phosphate,Natural gas,Marble,Lignite,,,jamb-archive|needs-key|needs-figure,past-question,draft
GEO-J00747,JAMB,Geography,,,medium,1997,,The River marked R is the River,,Gongola,Yobe,Gurara,Taraba,,,jamb-archive|needs-key|needs-figure,past-question,draft
GEO-J00748,JAMB,Geography,,,medium,1997,,The shaded area labelled Z on the map indicates the part of Nigeria that suffers most from,,River blindness,Tse-tse fly infestation,Drought and desertification.,Toxic waste pollution,,,jamb-archive|needs-key|needs-figure,past-question,draft
GEO-J00749,JAMB,Geography,,,medium,1997,,The length of the road is approximately,,8.0km,8.6km,9.2km,9.8km,,,jamb-archive|needs-key|needs-figure,past-question,draft
GEO-J00750,JAMB,Geography,,,medium,1997,,The gradient along the main river between the points marked X and Y is approximately,,1:15,1:16,1:17,1:18,,,jamb-archive|needs-key|needs-figure,past-question,draft
GEO-J00751,JAMB,Geography,,,medium,1997,,The feature marked P to the north-east is,,A monadnock,A knoll,An inselberg,A volcano,,,jamb-archive|needs-key|needs-figure,past-question,draft
GEO-J00752,JAMB,Geography,,,medium,1997,,The bearing of Y from X is approximately,,155 o,160 o,165 o,170 o,,,jamb-archive|needs-key|needs-figure,past-question,draft
GEO-J00753,JAMB,Geography,,,medium,1997,,The major constraint to road development in the area is the,,Vegetation cover,Drainage,Settlement pattern,Terrain,,,jamb-archive|needs-key|needs-figure,past-question,draft
GEO-J00754,JAMB,Geography,,,medium,1998,,The feature marked F-F is a,,normal fault,thrust fault,tear fault,reverse fault,,,jamb-archive|needs-key|needs-figure,past-question,draft
GEO-J00755,JAMB,Geography,,,medium,1998,,The force that is responsible for this type of process is primarily,,tensional,compressional,gravitational,kinetic,,,jamb-archive|needs-key|needs-figure,past-question,draft
GEO-J00756,JAMB,Geography,,,medium,1998,,The average gradient of the road descending the spur into Bobo town is approximately,,1:37,1:42,1:47,1:52,,,jamb-archive|needs-key|needs-figure,past-question,draft
GEO-J00757,JAMB,Geography,,,medium,1998,,The low islands and extensive sand banks indicate that the channel of River Bintu is probably,,Deep,Eroding,Shallow,Navigable,,,jamb-archive|needs-key|needs-figure,past-question,draft
GEO-J00758,JAMB,Geography,,,medium,1998,,To build a road from Achira to Gara will require,,A cutting,An embarkment,A tunnel,A levee,,,jamb-archive|needs-key|needs-figure,past-question,draft
GEO-J00759,JAMB,Geography,,,medium,1998,,Motorists will probably cross the river from Bobo to Achira by,,Drawbridge,Ship,Boat,Ferry,,,jamb-archive|needs-key|needs-figure,past-question,draft
GEO-J00760,JAMB,Geography,,,medium,1998,,The most important factor that probably explains the distribution of cultivation on the mapped area is,,Drainage,Settlement,Road,Climate,,,jamb-archive|needs-key|needs-figure,past-question,draft
GEO-J00761,JAMB,Geography,,,medium,1999,,Which of these statements is true concerning the three rates illustrated above?,,The rate were highest in 1950 and declined steadily throughthe years,The world rate is closer to that of the more developed region than that of the less developed,The average world rate of growth in 2010 is less than the other two rates,the rate of the more developed regions virtually declined through-out the period,,,jamb-archive|needs-key|needs-figure,past-question,draft
GEO-J00762,JAMB,Geography,,,medium,1999,,The range of population growth in the less developed regions during the period illustrated is approximately,,2.1 to 2.7%,1.6 to 2.7%,1.4 to 2.1%,0.4 to 1.6%,,,jamb-archive|needs-key|needs-figure,past-question,draft
GEO-J00763,JAMB,Geography,,,medium,1999,,the ocean feature at point S is best described as,,a submarine ridge,an ocean floor,an ocean dip,a continental edge,,,jamb-archive|needs-key|needs-figure,past-question,draft
GEO-J00764,JAMB,Geography,,,medium,1999,,The section labelled R represents,,An offshore beach,a continental shelf,a continental slope,a marine platform,,,jamb-archive|needs-key|needs-figure,past-question,draft
GEO-J00765,JAMB,Geography,,,medium,1999,,"A profile drawn along LK, north east of River Aye describes",,Convex slope,Concave slope,Straight slope,Convex-concave slope,,,jamb-archive|needs-key|needs-figure,past-question,draft
GEO-J00766,JAMB,Geography,,,medium,1999,,Aperi is an example of a,,Confluence settlement,Foothill settlement,Wet-point settlement,Dry-point settlement,,,jamb-archive|needs-key|needs-figure,past-question,draft
GEO-J00767,JAMB,Geography,,,medium,1999,,The drainage pattern of the area shown is,,Trellis,Dendritic,Radial,Centripetal,,,jamb-archive|needs-key|needs-figure,past-question,draft
GEO-J00768,JAMB,Geography,,,medium,1999,,The prominent feature running approximately N.W to S.E is best described as,,A ridge,A spur,An escarpment,An embankment,,,jamb-archive|needs-key|needs-figure,past-question,draft
GEO-J00769,JAMB,Geography,,,medium,1999,,The distance between the two confluences along River Kedi is,,9.7km,10.7km,11.7km,12.7km,,,jamb-archive|needs-key|needs-figure,past-question,draft
GEO-J00770,JAMB,Geography,,,medium,2000,,The modal temperature for the town is,,23 o C,25 o C,29 o C,30 o C,,,jamb-archive|needs-key|needs-figure,past-question,draft
GEO-J00771,JAMB,Geography,,,medium,2000,,The annual range of temperature for the town is,,7 o C,17 o C,23 o C,30 o C,,,jamb-archive|needs-key|needs-figure,past-question,draft
GEO-J00772,JAMB,Geography,,,medium,2000,,The feature is a product of,,glacial erosion,wind abrasion,water erosion,wind deposition,,,jamb-archive|needs-key|needs-figure,past-question,draft
GEO-J00773,JAMB,Geography,,,medium,2000,,The landform is a,,yardang,zeugen,mesa and butte,rock pedestal,,,jamb-archive|needs-key|needs-figure,past-question,draft
GEO-J00774,JAMB,Geography,,,medium,2000,,The feature marked X is best described as a,,Pass,Col,Gap,Path,,,jamb-archive|needs-key|needs-figure,past-question,draft
GEO-J00775,JAMB,Geography,,,medium,2000,,Tap is visible from,,Klo,Enso,Nino,Ned,,,jamb-archive|needs-key|needs-figure,past-question,draft
GEO-J00776,JAMB,Geography,,,medium,2000,,Roads and settlements are restricted in the area because of the,,Steep hill slopes,Mining activities,Presence of many rivers,Predominance of footpaths,,,jamb-archive|needs-key|needs-figure,past-question,draft
GEO-J00777,JAMB,Geography,,,medium,2000,,The bearing of the end of the secondary road at Ned from the road junction at Gag is approximately,,80 o,170 o,260 o,350 o,,,jamb-archive|needs-key|needs-figure,past-question,draft
GEO-J00778,JAMB,Geography,,,medium,2000,,The approximate elevation of the spot height indicated on the eastern peak is,,725km,715km,710km,695km,,,jamb-archive|needs-key|needs-figure,past-question,draft
ACC-J00647,JAMB,Accounting,,,medium,2001,,WHAT IS THE STOCK VALUATION METHOD USED?,,LAST IN FIRST OUT,FIRST IN FIRST OUT,AVERAGE COST,WEIGHTED AVERAGE,,,jamb-archive|needs-key|needs-figure,past-question,draft
ACC-J00648,JAMB,Accounting,,,medium,2001,,The value of x is,,₦4.00,₦5.00,₦5.50,₦6.00,,,jamb-archive|needs-key|needs-figure,past-question,draft
ACC-J00649,JAMB,Accounting,,,medium,,,The working capital of the club is,,₦5000,₦4000,₦3000,₦7000,,,jamb-archive|needs-key|needs-figure,past-question,draft
ACC-J00650,JAMB,Accounting,,,medium,,,It is the tradition of the club to write off an amount equal to 25% of the subscriptions received as other expenses. What is the amount to be written off as other expenses?,,₦4500,₦6000,₦4000,₦5000,,,jamb-archive|needs-key|needs-figure,past-question,draft
ACC-J00651,JAMB,Accounting,,,medium,,,It is the tradition of the club to write off an amount equal to 25% of the subscriptions received as other expenses. Determine the club's excess of income over expenditure,,₦12000,₦15000,₦10000,₦14500,,,jamb-archive|needs-key|needs-figure,past-question,draft
ACC-J00652,JAMB,Accounting,,,medium,,,Miscellaneous expense is 10% of revenue Calculate the net income.,,"₦583,000","₦563,000","₦483,000","₦581,000",,,jamb-archive|needs-key|needs-figure,past-question,draft
ACC-J00653,JAMB,Accounting,,,medium,,,Subscriptions received are always put at 125% of the total donations received and refreshment sales. What is the closing cash balance ?,,₦11500,₦12000,₦13000,₦13500,,,jamb-archive|needs-key|needs-figure,past-question,draft
ACC-J00654,JAMB,Accounting,,,medium,,,Subscriptions received are always put at 125% of the total donations received and refreshment sales. Compute the subscriptions received.,,₦30000,₦28000,₦24000,₦20000,,,jamb-archive|needs-key|needs-figure,past-question,draft
ACC-J00655,JAMB,Accounting,,,medium,,,Credit purchases are always put at 150% of the total cash paid to suppliers Calculate the closing balance of the ledger account,,₦6 900,₦6400,₦5000,₦4000,,,jamb-archive|needs-key|needs-figure,past-question,draft
ACC-J00656,JAMB,Accounting,,,medium,,,Credit purchases are always put at 150% of the total cash paid to suppliers Determine the credit purchases,,₦13 500,₦15 500,₦13 400,₦12 000,,,jamb-archive|needs-key|needs-figure,past-question,draft
ACC-J00657,JAMB,Accounting,,,medium,,,What is the capital at start?,,₦53 000,₦63 000,₦73 000,₦83 000,,,jamb-archive|needs-key|needs-figure,past-question,draft
ACC-J00658,JAMB,Accounting,,,medium,,,What is the value of the authorized share capital?,,"₦500,000","₦600,000","₦750,000","₦1, 200,000",,,jamb-archive|needs-key|needs-figure,past-question,draft
ACC-J00659,JAMB,Accounting,,,medium,,,The value of the owner's equity is,,"₦400,000","₦900,000","₦957,000","₦1,357,000",,,jamb-archive|needs-key|needs-figure,past-question,draft
ACC-J00660,JAMB,Accounting,,,medium,,,What is the net profit made by department S?,,"₦3,600","N,3000","₦2,400","₦2,000",,,jamb-archive|needs-key|needs-figure,past-question,draft
ACC-J00661,JAMB,Accounting,,,medium,,,The depreciation to be charged to department T is ?,,₦30P00,₦400,500,₦600,,,jamb-archive|needs-key|needs-figure,past-question,draft
ACC-J00662,JAMB,Accounting,,,medium,,,The owner wishes to maintain an amount equal to ( frac{1}{3} ) of capital as drawings. The amount withdrawn is,,"₦2,100","₦2,200","₦4,400","₦6,400",,,jamb-archive|needs-key|needs-figure,past-question,draft
ACC-J00663,JAMB,Accounting,,,medium,,,The owner wishes to maintain an amount equal to ( frac{1}{3} ) of capital as drawings. The cash book closing balance will be,,₦900,"₦2,400","₦4,200","₦4,600",,,jamb-archive|needs-key|needs-figure,past-question,draft
ACC-J00664,JAMB,Accounting,,,medium,,,WHAT IS THE VALUE OF RAW MATERIALS ISSUED ON MAY 17TH BASED ON THE LIFO METHOD?,,₦60,₦61,₦62,₦64,,,jamb-archive|needs-key|needs-figure,past-question,draft
ACC-J00665,JAMB,Accounting,,,medium,,,Based on the FIFO method of valuation the total cost of the raw materials issued is,,₦150,₦160,₦240,₦250,,,jamb-archive|needs-key|needs-figure,past-question,draft
ACC-J00666,JAMB,Accounting,,,medium,,,"Musa merchants Trading and profit and Loss Account for the year ended Dec.31st, 2003 Determine the closing stock",,₦20 000,"₦30, 000",₦40 000,"₦50,000",,,jamb-archive|needs-key|needs-figure,past-question,draft
ACC-J00667,JAMB,Accounting,,,medium,,,The capital employed is,,₦13 000,₦9 900,₦8 400,₦9 000,,,jamb-archive|needs-key|needs-figure,past-question,draft
ACC-J00668,JAMB,Accounting,,,medium,,,Determine the closing stock under LOFO method,,₦575,₦500,₦375,₦275,,,jamb-archive|needs-key|needs-figure,past-question,draft
ACC-J00669,JAMB,Accounting,,,medium,,,Calculate the closing stock under FIFO method,,₦875,₦675,₦600,₦300,,,jamb-archive|needs-key|needs-figure,past-question,draft
ACC-J00670,JAMB,Accounting,,,medium,,,The current ratio is,,1:1,2:1,2.8:1,3.5:1,,,jamb-archive|needs-key|needs-figure,past-question,draft
ACC-J00671,JAMB,Accounting,,,medium,,,The quick ratio is,,1:2,1:3:1,1.7:1,3:1,,,jamb-archive|needs-key|needs-figure,past-question,draft
ACC-J00672,JAMB,Accounting,,,medium,,,The subscriptions received represent 80% of total payments and the opening balance is 30% of gate-fee collections. What is the closing cash balance?,,₦35 000,₦211 000,₦5 000,₦10 000,,,jamb-archive|needs-key|needs-figure,past-question,draft
ACC-J00673,JAMB,Accounting,,,medium,,,The subscriptions received represent 80% of total payments and the opening balance is 30% of gate-fee collections. The subscriptions received would be,,₦200 000,₦240 000,₦300 000,₦24 000,,,jamb-archive|needs-key|needs-figure,past-question,draft
ACC-J00674,JAMB,Accounting,,,medium,,,LOAN IS 30% OF CREDITORS. What is the capital balance?,,₦1000,₦2 100,₦900,₦1200,,,jamb-archive|needs-key|needs-figure,past-question,draft
ACC-J00675,JAMB,Accounting,,,medium,,,"LOAN IS 30% OF CREDITORS. A company has departments S,T and U. The sales are ₦20 000,20 000, ₦40 000 AND ₦60 000 respectively if the sales commission paid is ₦12 000, how much is T's share?",,₦8000,₦2000,₦4000,₦6000,,,jamb-archive|needs-key|needs-figure,past-question,draft
ACC-J00676,JAMB,Accounting,,,medium,,,On Jan. 30 Khalifa withdraw ₦2500 from the bank for office use. The cash balance at end of the month was,,₦1 600,₦4 100,₦6 600,₦6 100,,,jamb-archive|needs-key|needs-figure,past-question,draft
ACC-J00677,JAMB,Accounting,,,medium,,,What was the bank balance at the end of the month?,,₦7 000,₦6 500,₦7 500,₦9 000,,,jamb-archive|needs-key|needs-figure,past-question,draft
ACC-J00678,JAMB,Accounting,,,medium,,,The value of Y is,,₦11 500,₦8 500,₦13000,₦10000,,,jamb-archive|needs-key|needs-figure,past-question,draft
ACC-J00679,JAMB,Accounting,,,medium,,,X represents,,bank charges,an unpresented cheque,dividends,an uncredited cheque,,,jamb-archive|needs-key|needs-figure,past-question,draft
ACC-J00680,JAMB,Accounting,,,medium,,,"Assuming the closing stock was valued at ₦19 000 at the end of November, what was the gross profit?",,₦30 000,₦50 000,₦70 000,₦100 000,,,jamb-archive|needs-key|needs-figure,past-question,draft
ACC-J00681,JAMB,Accounting,,,medium,,,Determine the value of closing stock using the LIFO method,,₦2 000,₦2500,₦4000,₦35000,,,jamb-archive|needs-key|needs-figure,past-question,draft
ACC-J00682,JAMB,Accounting,,,medium,,,"If cheques of ₦40 000 were received but a cheque of ₦8 000 was dishonoured, the amount owed was",,₦9 000,₦20 000,₦1000,₦17 000,,,jamb-archive|needs-key|needs-figure,past-question,draft
ACC-J00683,JAMB,Accounting,,,medium,,,"If the discount allowed is 2.5% of sales, calculate the closing balance in the sales ledger account",,₦1400,₦6 600,₦16 600,₦18 600,,,jamb-archive|needs-key|needs-figure,past-question,draft
ACC-J00684,JAMB,Accounting,,,medium,,,Given: Calculate the surplus income.,,₦45 000,₦44 000,₦30 000,₦14 000,,,jamb-archive|needs-key|needs-figure,past-question,draft
ACC-J00685,JAMB,Accounting,,,medium,,,The debit ratio is approximately,,43%,42%,41%,23%,,,jamb-archive|needs-key|needs-figure,past-question,draft
ACC-J00686,JAMB,Accounting,,,medium,,,Which of the following is true of Uju Nig.Ltd?,,It is a highly geared company,It has no liquidity problem in the short term,It is adequately secured in fixed assets,It's working capital is zero,,,jamb-archive|needs-key|needs-figure,past-question,draft
ACC-J00687,JAMB,Accounting,,,medium,,,"Goods worth ₦300 was transferred from department Q to P Similarly, P's total expenses for the period was ₦200 What was department Q's gross profit?",,₦2 500,₦2 300,₦2 200,₦1700,,,jamb-archive|needs-key|needs-figure,past-question,draft
ACC-J00688,JAMB,Accounting,,,medium,,,"Goods worth ₦300 was transferred from department Q to P Similarly, P's total expenses for the period was ₦200 Department P's net profit was",,₦5 200,₦3000,₦2800,₦2 500,,,jamb-archive|needs-key|needs-figure,past-question,draft
ACC-J00689,JAMB,Accounting,,,medium,,,"If the gross profit margin is 10% of sales, what is the value of the cost of goods sold?",,"₦10,000","₦90,000","₦105,600","₦110,000",,,jamb-archive|needs-key|needs-figure,past-question,draft
ACC-J00690,JAMB,Accounting,,,medium,,,If the opening stock is 5% of sales. calculate the purchases,,"₦95,600","₦95,000","₦90,600","₦85,000",,,jamb-archive|needs-key|needs-figure,past-question,draft
BIO-J00794,JAMB,Biology,,,medium,2001,,The structure that holds the yolk in position is labelled,,II,I,IV,III,,,jamb-archive|needs-key|needs-figure,past-question,draft
BIO-J00795,JAMB,Biology,,,medium,2001,,The part labelled IV is the,,albumen,germinal disc,yolk,air space,,,jamb-archive|needs-key|needs-figure,past-question,draft
BIO-J00796,JAMB,Biology,,,medium,2001,,The parts which function together to bring about hearing are labelled,,"IV, V and VI","I, II, IV and VI","I, II, III and IV","I, II and IV",,,jamb-archive|needs-key|needs-figure,past-question,draft
BIO-J00797,JAMB,Biology,,,medium,2001,,The part labelled II is the,,fenestra ovalis,middle ear canal,internal auditrory meatus,ear ossicles,,,jamb-archive|needs-key|needs-figure,past-question,draft
BIO-J00798,JAMB,Biology,,,medium,2001,,The structure above represents a,,caudal vertebra,lumbar vertebra,thoracic vertebra,cervical vertebra,,,jamb-archive|needs-key|needs-figure,past-question,draft
BIO-J00799,JAMB,Biology,,,medium,2001,,Blood vessel usually pass through the structure labelled,,III,II,V,IV,,,jamb-archive|needs-key|needs-figure,past-question,draft
BIO-J00800,JAMB,Biology,,,medium,,,"In the diagram, the hawk is",,an omnivore,a primary consumer,a tertiary onsumer,a scavenger,,,jamb-archive|needs-key|needs-figure,past-question,draft
BIO-J00801,JAMB,Biology,,,medium,,,Which of the following statement is correct about the experiment?,,The flask must be of the conical type,Caustic soda can be replaced with distilled water,The enclosed leaf will lose its green colour,The leaves outside the flask serve as control,,,jamb-archive|needs-key|needs-figure,past-question,draft
BIO-J00802,JAMB,Biology,,,medium,,,The experimental set-up can be used to demonstrate that,,light is necessary for photosynthesis,oxygen is necessary for photosynthesis,photosynthesis occurs in the leaves of plants,carbon (IV) oxide is necessary for photosynthesis,,,jamb-archive|needs-key|needs-figure,past-question,draft
BIO-J00803,JAMB,Biology,,,medium,,,The function of the absorption is performed by the structure labelled,,I,II,III,IV,,,jamb-archive|needs-key|needs-figure,past-question,draft
BIO-J00804,JAMB,Biology,,,medium,,,The structure labelled I represented the,,phloem,xylem,cortex,pericycle,,,jamb-archive|needs-key|needs-figure,past-question,draft
BIO-J00805,JAMB,Biology,,,medium,,,The gland usually found in the position labelled I is the,,adrenal,thyriod,pancreatic,pituitary,,,jamb-archive|needs-key|needs-figure,past-question,draft
BIO-J00806,JAMB,Biology,,,medium,,,A hormone secreted at IV serves to,,make the body react to emergencies,lower blood glucose level,raise the level of calcium ions in the blood,facilitate the development of facial hairs,,,jamb-archive|needs-key|needs-figure,past-question,draft
BIO-J00807,JAMB,Biology,,,medium,,,Ovoviparity is the type of fertilization exhibited by the organism labelled,,IV,III,II,I,,,jamb-archive|needs-key|needs-figure,past-question,draft
BIO-J00808,JAMB,Biology,,,medium,,,The correct evolutionary sequence of the organisms represented is,,IV->II->III->I,III->II->I->IV,II->III->IV->I,I->III=>II->IV,,,jamb-archive|needs-key|needs-figure,past-question,draft
BIO-J00809,JAMB,Biology,,,medium,,,The structure that are common to both plant and animal cells are labelled,,IV and I,II and IV,II and III,I and II,,,jamb-archive|needs-key|needs-figure,past-question,draft
BIO-J00810,JAMB,Biology,,,medium,,,Food is stored in the structure labelled,,III,I,IV,II,,,jamb-archive|needs-key|needs-figure,past-question,draft
BIO-J00811,JAMB,Biology,,,medium,,,A noticeable adaptation of the animal to its aquatic habitat is the possession of,,a wide mouth,large eyes,webbed digits,fore limbs,,,jamb-archive|needs-key|needs-figure,past-question,draft
BIO-J00812,JAMB,Biology,,,medium,,,The process of water loss and intake indicated by the arrow labelled I and II are respectively,,exhalation and osmosis,urination and diffusion,osmosis and diffusion,evaporation and osmosis,,,jamb-archive|needs-key|needs-figure,past-question,draft
BIO-J00813,JAMB,Biology,,,medium,,,The aim of the experiment is to demonstrate,,that in mammal gaseous exchange takes place in the lungs,the part played by the pleural cavity and diaphragm in respiration,that a large amount of oxygen is absorbed by the lungs,the presence of carbon (IV) oxide in the exhaled air,,,jamb-archive|needs-key|needs-figure,past-question,draft
BIO-J00814,JAMB,Biology,,,medium,,,"In the experimental set-up, the rubber sheet represents the organ called",,pleural cavity,lungs,diaphragm,intercostal muscles,,,jamb-archive|needs-key|needs-figure,past-question,draft
BIO-J00815,JAMB,Biology,,,medium,,,The experiment is used to demonstrate that,,plants lose water through guttation,transpiration occurs through the leaves,water is necessary for photosynthesis,leaves are important to photosynthesis,,,jamb-archive|needs-key|needs-figure,past-question,draft
BIO-J00816,JAMB,Biology,,,medium,,,"In the experiment, the layer of oil serves to prevent water loss",,transpiration,evaporation,osmosis,guttation,,,jamb-archive|needs-key|needs-figure,past-question,draft
BIO-J00817,JAMB,Biology,,,medium,,,The structure can be found in the,,Sympathetic and parasympathetic nervous systems,Peripheral and central nervous system,Peripheral nervous system only,Central nervous system only,,,jamb-archive|needs-key|needs-figure,past-question,draft
BIO-J00818,JAMB,Biology,,,medium,,,The point marked I is referred to as,,myelin sheath,dendrites,axon,node of Ranvier,,,jamb-archive|needs-key|needs-figure,past-question,draft
BIO-J00819,JAMB,Biology,,,medium,,,The endoplasmic reticulum is represented by the part labelled,,I,II,III,IV,,,jamb-archive|needs-key|needs-figure,past-question,draft
BIO-J00820,JAMB,Biology,,,medium,,,The part labelled II is responsible for,,photosynthesis,respiration,protein synthesis,excretion,,,jamb-archive|needs-key|needs-figure,past-question,draft
BIO-J00821,JAMB,Biology,,,medium,,,Yam is used in this set-up because it,,is a permeable to the salt solution,is a plant material,acts as a storage organ,acts as a semi-permeable membrane,,,jamb-archive|needs-key|needs-figure,past-question,draft
BIO-J00822,JAMB,Biology,,,medium,,,Which of the following results is to be expected if the set up is left for several hours?,,decrease in the size of the yam,movement of the salt solution into the water,decrease in the volume of water inside the yam,movement of water from the salt solution into the yam,,,jamb-archive|needs-key|needs-figure,past-question,draft
BIO-J00823,JAMB,Biology,,,medium,,,The sweat gland is the structure labelled,,I,II,III,IV,,,jamb-archive|needs-key|needs-figure,past-question,draft
BIO-J00824,JAMB,Biology,,,medium,,,The function of the part labelled III is to,,contract to pull the hair erect,conduct nervous impulses,carry blood and nitrogenous waste,produce oil for the skin,,,jamb-archive|needs-key|needs-figure,past-question,draft
BIO-J00825,JAMB,Biology,,,medium,,,The process of pollination involves the transfer of pollens from,,II to III,IV to I,I to II,III to IV,,,jamb-archive|needs-key|needs-figure,past-question,draft
BIO-J00826,JAMB,Biology,,,medium,,,The part labelled II is the,,stigma,anther,filament,style,,,jamb-archive|needs-key|needs-figure,past-question,draft
BIO-J00827,JAMB,Biology,,,medium,,,The bones labelled II are called,,lumbar vertebrae,thoracic vertebrae,cervical vertebrae,sacral vertebrae,,,jamb-archive|needs-key|needs-figure,past-question,draft
BIO-J00828,JAMB,Biology,,,medium,,,The type of joint between adjacent bones in the part labelled II is the,,hinge joint,ball and socket joint,suture joint,sliding joint,,,jamb-archive|needs-key|needs-figure,past-question,draft
BIO-J00829,JAMB,Biology,,,medium,,,From the diagram above the angle between the parts labelled II and III is the,,bud,node,internode,axil,,,jamb-archive|needs-key|needs-figure,past-question,draft
BIO-J00830,JAMB,Biology,,,medium,,,The part of the plant where photosynthesis is least likely to take place is,,I,II,III,IV,,,jamb-archive|needs-key|needs-figure,past-question,draft
BIO-J00831,JAMB,Biology,,,medium,,,From the diagram above the part labelled IV represents the,,colon,ileum,caecum,duodenum,,,jamb-archive|needs-key|needs-figure,past-question,draft
BIO-J00832,JAMB,Biology,,,medium,,,"From the diagram above, The bile is stored in the part labelled",,I,II,III,IV,,,jamb-archive|needs-key|needs-figure,past-question,draft
BIO-J00833,JAMB,Biology,,,medium,,,From the diagram above the structure labelled I originates from the,,liver,kidney,small intestine,stomach,,,jamb-archive|needs-key|needs-figure,past-question,draft
BIO-J00834,JAMB,Biology,,,medium,,,From the diagram above Birth control by vasectomy is achieved by severing the structure labelled,,I,II,III,IV,,,jamb-archive|needs-key|needs-figure,past-question,draft
BIO-J00835,JAMB,Biology,,,medium,,,The main function of the structure labelled I is to,,store food for the young plant,pull the young shoot above the ground,store water for the seedling,protect the young plumule,,,jamb-archive|needs-key|needs-figure,past-question,draft
BIO-J00836,JAMB,Biology,,,medium,,,The type of germination illustrated is termed,,hypogeal,epicotyl,epigeal,hypocotyl,,,jamb-archive|needs-key|needs-figure,past-question,draft
BIO-J00837,JAMB,Biology,,,medium,,,From the diagram above the structure labelled I is the,,incus,malleus,hammer,stapes,,,jamb-archive|needs-key|needs-figure,past-question,draft
BIO-J00838,JAMB,Biology,,,medium,,,A function of the part labelled II is to,,equalize pressure on both sides of the tympanum,conduct sound waves to the brain,help the animal maintain balance or posture,transform sound waves into electric impulses,,,jamb-archive|needs-key|needs-figure,past-question,draft
BIO-J00839,JAMB,Biology,,,medium,,,From the diagram above the optimal temperature for breeding cockroaches is,,15 o C,19 o C,24 o C,33 o C,,,jamb-archive|needs-key|needs-figure,past-question,draft
BIO-J00840,JAMB,Biology,,,medium,,,At which temperature will cockroaches not survive after 10 days,,15 o C,19 o C,24 o C,33 o C,,,jamb-archive|needs-key|needs-figure,past-question,draft
BIO-J00841,JAMB,Biology,,,medium,,,Evaporation and transpiration are respectively represented by the components labelled,,I and II,II and III,III and IV,IV and I,,,jamb-archive|needs-key|needs-figure,past-question,draft
BIO-J00842,JAMB,Biology,,,medium,,,The main reservoir of water in the circle is the,,cloud,ground water,plant,ocean,,,jamb-archive|needs-key|needs-figure,past-question,draft
BIO-J00843,JAMB,Biology,,,medium,,,"The organ through which the embryo receives food, water and oxygen is labelled",,III,IV,II,I,,,jamb-archive|needs-key|needs-figure,past-question,draft
BIO-J00844,JAMB,Biology,,,medium,,,"Using the diagram, sexual reproduction is illustrated in",,II,I,III,IV,,,jamb-archive|needs-key|needs-figure,past-question,draft
BIO-J00845,JAMB,Biology,,,medium,,,"Using the diagram, A plant that exhibits the type of reproduction shown in IV is",,cola,ginger,bryophyllum,sugar cane,,,jamb-archive|needs-key|needs-figure,past-question,draft
BIO-J00846,JAMB,Biology,,,medium,,,"Using the diagram, the part labelled IV is for",,excretion,nourishment,protection,respiration,,,jamb-archive|needs-key|needs-figure,past-question,draft
BIO-J00847,JAMB,Biology,,,medium,,,The diagram represents the structure of,,proteins,chromosomes,RNA,DNA,,,jamb-archive|needs-key|needs-figure,past-question,draft
BIO-J00848,JAMB,Biology,,,medium,,,"In the diagram, the part labelled I represents the",,base pairs,ribose sugar,phosphate linkage,deoxyri-bose sugar,,,jamb-archive|needs-key|needs-figure,past-question,draft
BIO-J00849,JAMB,Biology,,,medium,,,"In the diagram, the change in the length of the neck of the giraffes shown was brought about by",,geographical isolation,predation,symbiosis,natural selection,,,jamb-archive|needs-key|needs-figure,past-question,draft
BIO-J00850,JAMB,Biology,,,medium,,,"In the diagram, the variation illustration is",,discontinuous,morphological,physiological,biochemical,,,jamb-archive|needs-key|needs-figure,past-question,draft
BIO-J00851,JAMB,Biology,,,medium,,,"In the diagram, The economic importance of the larva is that it",,is eaten by birds,develop into a moth,resembles the plant on which it lives,feeds on the leaves of crops,,,jamb-archive|needs-key|needs-figure,past-question,draft
BIO-J00852,JAMB,Biology,,,medium,,,"In the diagram, the type of adaptation shown in the larva is",,mimicry,countershading,flash colouration,disruptive colouration,,,jamb-archive|needs-key|needs-figure,past-question,draft
BIO-J00853,JAMB,Biology,,,medium,,,"In the diagram, The maxillary palp is labelled?",,ii,iv,i,iii,,,jamb-archive|needs-key|needs-figure,past-question,draft
BIO-J00854,JAMB,Biology,,,medium,,,"In the diagram, the structure labelled I is sensitive to",,light and touch,chemicals only,light only,chemicals and touch,,,jamb-archive|needs-key|needs-figure,past-question,draft
BIO-J00855,JAMB,Biology,,,medium,,,"In the diagram, A unique characteristic that distinguishes the class of vertebrates represented from other vertebrates is the presence of",,two pair of limbs,scales on the lower legs,a pair of wings,a covering of feathers,,,jamb-archive|needs-key|needs-figure,past-question,draft
BIO-J00856,JAMB,Biology,,,medium,,,"In the diagram, the structures used for offense and defense are labelled",,i and iv,i and ii,ii and iii,iii and iv,,,jamb-archive|needs-key|needs-figure,past-question,draft
BIO-J00857,JAMB,Biology,,,medium,,,"In the diagram, Which of the following can be decided from the distribution?",,species II is found only in locations where it rains all year round,species III inreases in number as rainfall increases,the distribution of species IV is not dependent on rainfall,species I thrives under conditions of moderate to high rainfall,,,jamb-archive|needs-key|needs-figure,past-question,draft
BIO-J00858,JAMB,Biology,,,medium,,,"In the diagram, the species whose distribution is not affected by rainfall is",,ii,iv,i,iii,,,jamb-archive|needs-key|needs-figure,past-question,draft
BIO-J00859,JAMB,Biology,,,medium,,,"In the diagram, the importance of the association to the fungus is that it obtains",,a partner for reproduction,anchorage from the algea,oxygen and carbohydrates from the algae,water and mineral salts from the algae,,,jamb-archive|needs-key|needs-figure,past-question,draft
BIO-J00860,JAMB,Biology,,,medium,,,"In the diagram, the association illustrated demonstrates",,parasitism,commensalism,saprophytism,mutualism,,,jamb-archive|needs-key|needs-figure,past-question,draft
BIO-J00861,JAMB,Biology,,,medium,,,Use the diagram above to answer this question. The type of protective adaptation exhibited by the animal is,,disruptive colouration,flash colouration,countershading colouration,warning colouration,,,jamb-archive|needs-key|needs-figure,past-question,draft
BIO-J00862,JAMB,Biology,,,medium,,,Use the diagram above to answer this question. The structure labelled l is,,photosensitive,radiosensitive,chemoreceptive,tactile,,,jamb-archive|needs-key|needs-figure,past-question,draft
BIO-J00863,JAMB,Biology,,,medium,,,Use the diagram above to answer this question.Insulin is produced by the endocrine organ labelled,,IV,III,II,I,,,jamb-archive|needs-key|needs-figure,past-question,draft
BIO-J00864,JAMB,Biology,,,medium,,,Use the diagram above to answer this question. The function of the structure labelled l is to,,stimulate the development of secondary sexual characters,prepare the body for any emergency,maintain proper glucose concentration in the blood,regulate the activities of other endocrine glands,,,jamb-archive|needs-key|needs-figure,past-question,draft
BIO-J00865,JAMB,Biology,,,medium,,,Use the diagram above to answer this question.Oxygenated blood is pumped to the entire body from the part labelled,,IV,lll,ll,l,,,jamb-archive|needs-key|needs-figure,past-question,draft
BIO-J00866,JAMB,Biology,,,medium,,,Use the diagram above to answer this question. The part labelled l is the,,pulmonary artery,vena cava,aorta,bicuspid valve,,,jamb-archive|needs-key|needs-figure,past-question,draft
BIO-J00867,JAMB,Biology,,,medium,,,Use the diagram above to answer this question.The part labelled lV is responsible for,,osmoregulation,respiration,ingestion,locomotion,,,jamb-archive|needs-key|needs-figure,past-question,draft
BIO-J00868,JAMB,Biology,,,medium,,,Use the diagram above to answer this question. The organelle responsible for sexual reproduction is,,ll,l,lV,lll,,,jamb-archive|needs-key|needs-figure,past-question,draft
BIO-J00869,JAMB,Biology,,,medium,,,Use the diagram above to answer this question. The process illustrated is,,gametogenesis,sporulation,sexual reproduction in Spirogyra,sexual reproduction in Rhizopus,,,jamb-archive|needs-key|needs-figure,past-question,draft
BIO-J00870,JAMB,Biology,,,medium,,,Use the diagram above to answer this question. The structure labelled l is the,,sporangium,hypha,zygospore,conidiospore,,,jamb-archive|needs-key|needs-figure,past-question,draft
BIO-J00871,JAMB,Biology,,,medium,,,"Use the diagram above to answer this question. If the dogs are offspring of a monohybird cross and the gene G for grey head is dominant cross over its allele g, the individual whose genotype is likely to be gg is",,ll,l,IV,lll,,,jamb-archive|needs-key|needs-figure,past-question,draft
BIO-J00872,JAMB,Biology,,,medium,,,Use the diagram above to answer this question. Which of the following will be true of dog ll which lost its tail in an accident if it mates with dog lll.,,None of its offspring will be born without a tail,3/4 of its offspring will be born without tails,All its offspring will be born without tails,1/4 of its offspring will be born without tails,,,jamb-archive|needs-key|needs-figure,past-question,draft
BIO-J00873,JAMB,Biology,,,medium,,,"In the diagram, it shows that the organisms are?",,hermaphrodite,viviparous,oviparous,ovoviviparous,,,jamb-archive|needs-key|needs-figure,past-question,draft
BIO-J00874,JAMB,Biology,,,medium,,,The breeding posture illustrated in the diagram is known as,,mating,amplexus,courtship display,reproductive swimming,,,jamb-archive|needs-key|needs-figure,past-question,draft
BIO-J00875,JAMB,Biology,,,medium,,,"In the diagram, the experiment demonstrates",,geotropism,thigmotropism,phototropism,hydrotropism,,,jamb-archive|needs-key|needs-figure,past-question,draft
BIO-J00876,JAMB,Biology,,,medium,,,"In the diagram, the part marked I will contain a high concentration of",,ascorbic acid,abscisic acid,ethylene,auxin,,,jamb-archive|needs-key|needs-figure,past-question,draft
BIO-J00877,JAMB,Biology,,,medium,,,"In the diagram, the organelle responsible for heredity is",,iii,iv,ii,i,,,jamb-archive|needs-key|needs-figure,past-question,draft
BIO-J00878,JAMB,Biology,,,medium,,,"In the diagram, the part labelled I is the",,nuclear membrane,cell wall,endoplasmic recticulum,plasmellema,,,jamb-archive|needs-key|needs-figure,past-question,draft
BIO-J00879,JAMB,Biology,,,medium,,,Use the diagram above to answer this question. Which of the organisms is characterised by the possession of a chitinous exoskeleton?,,l,ll,lll,lV,,,jamb-archive|needs-key|needs-figure,past-question,draft
BIO-J00880,JAMB,Biology,,,medium,,,Use the diagram above to answer this question.The type of reproduction illustrated in IV is,,sexual,conjugation,binary fission,budding,,,jamb-archive|needs-key|needs-figure,past-question,draft
BIO-J00881,JAMB,Biology,,,medium,,,Use the diagram above to answer this question.The vessel that carries blood from l to ll is the,,pulmonary artery,pulmonary vein,carotid artery,jugular vein,,,jamb-archive|needs-key|needs-figure,past-question,draft
BIO-J00882,JAMB,Biology,,,medium,,,Use the diagram above to answer this question.Water reabsorption takes place in,,ll and lll,lll and lV,l and IV,l and lll,,,jamb-archive|needs-key|needs-figure,past-question,draft
BIO-J00883,JAMB,Biology,,,medium,,,"Use the diagram above to answer this question. From the graph above, it can be appropriately deduced that?",,the body temperature in ll varies with that in l,the body temperature in l is independent of external temperature,l and ll maintain constant body temperature,external temperatures affect the body temperature of l and ll,,,jamb-archive|needs-key|needs-figure,past-question,draft
BIO-J00884,JAMB,Biology,,,medium,,,Use the diagram above to answer this question. The animal represented by l is a,,poikilotherm,homoiotherm,carnivore,herbivore,,,jamb-archive|needs-key|needs-figure,past-question,draft
BIO-J00885,JAMB,Biology,,,medium,,,"In the diagram, the illustration is a typical example of a plant pollinated by",,wind,man,insects,birds,,,jamb-archive|needs-key|needs-figure,past-question,draft
BIO-J00886,JAMB,Biology,,,medium,,,"In the diagram, the part labelled I represents the",,stationary phase,lag phase,log phase,steady phase,,,jamb-archive|needs-key|needs-figure,past-question,draft
BIO-J00887,JAMB,Biology,,,medium,,,"In the diagram, the part labelled IV indicated that the yeast population has",,reached its maximum size,reached senescence,stopped metabolizing food,started dying,,,jamb-archive|needs-key|needs-figure,past-question,draft
BIO-J00888,JAMB,Biology,,,medium,,,"In the diagram, if species i, ii and iii interact in a community, which of the following statement is true?",,the population of species ii is growing at a slow rate,the population of species iii has reached its carrying capacity?,the population of species I has become extinct,the population of species I is always higher than species ii,,,jamb-archive|needs-key|needs-figure,past-question,draft
BIO-J00889,JAMB,Biology,,,medium,,,"In the diagram, the population size of species II on the 20th day is",,100,200,300,400,,,jamb-archive|needs-key|needs-figure,past-question,draft
BIO-J00890,JAMB,Biology,,,medium,,,"In the diagram, which of the four offspring of the cross will be short if T the gene for tallness is dominant to t?",,i,ii,iii,iv,,,jamb-archive|needs-key|needs-figure,past-question,draft
BIO-J00891,JAMB,Biology,,,medium,,,"In the diagram, the genotypic ratio of the offspring of the cross is",,1:2,1:2:1,1:1:1:1,3:1,,,jamb-archive|needs-key|needs-figure,past-question,draft
BIO-J00892,JAMB,Biology,,,medium,,,Use the diagram above to answer this question. The male inflorescence is labeled,,i,ii,iii,iv,,,jamb-archive|needs-key|needs-figure,past-question,draft
BIO-J00893,JAMB,Biology,,,medium,,,Use the diagram above to answer this question. The structure that controls loss of water vapour during transpiration is labelled,,l,ll,lll,lV,,,jamb-archive|needs-key|needs-figure,past-question,draft
BIO-J00894,JAMB,Biology,,,medium,,,Use the diagram above to answer this question. The part labelled l is the,,spongy mesophyll,upper epidemis,cuticle,vein,,,jamb-archive|needs-key|needs-figure,past-question,draft
BIO-J00895,JAMB,Biology,,,medium,,,Use the diagram above to answer this question. Emulsification of fats takes place in the part labelled?,,l,ll,lll,lV,,,jamb-archive|needs-key|needs-figure,past-question,draft
BIO-J00896,JAMB,Biology,,,medium,,,Use the diagram above to answer this question. The content of the part labelled lll is usually?,,neutral,alkaline,acidic,saline,,,jamb-archive|needs-key|needs-figure,past-question,draft
BIO-J00897,JAMB,Biology,,,medium,,,Use the diagram above to answer this question. The zone of physiological stress is represented by?,,l and ll,ll only,ll and lll,l and lll,,,jamb-archive|needs-key|needs-figure,past-question,draft
BIO-J00898,JAMB,Biology,,,medium,,,Use the diagram above to answer this question. The optimum temperature for the growth of the organism is,,25 o C,50 o C,75 o C,100 o C,,,jamb-archive|needs-key|needs-figure,past-question,draft
BIO-J00899,JAMB,Biology,,,medium,,,"In the diagram, the structure labelled X is for?",,attachment,feeding,seeing,breathing,,,jamb-archive|needs-key|needs-figure,past-question,draft
BIO-J00900,JAMB,Biology,,,medium,,,"In the diagram, the habitat of the organism is",,slow moving streams and marshes,the stomach of large mammals,under leaf filter on forest floor,the small intestine of large vertebrates,,,jamb-archive|needs-key|needs-figure,past-question,draft
BIO-J00901,JAMB,Biology,,,medium,,,"In the diagram, the male sex cells are contained in the part labelled?",,i,ii,iii,iv,,,jamb-archive|needs-key|needs-figure,past-question,draft
BIO-J00902,JAMB,Biology,,,medium,,,"In the diagram, the likely pollinating agent of the flower is?",,wind,water,insect,man,,,jamb-archive|needs-key|needs-figure,past-question,draft
BIO-J00903,JAMB,Biology,,,medium,,,"In the diagram, the eye defect illustrated is?",,myopia,hypermetropia,astigmaism,cataract,,,jamb-archive|needs-key|needs-figure,past-question,draft
BIO-J00904,JAMB,Biology,,,medium,,,"In the diagram, the function of the correcting lens is to?",,diverge incoming rays,converge incoming rays,reflect incoming rays,screen incoming rays,,,jamb-archive|needs-key|needs-figure,past-question,draft
COM-J00663,JAMB,Commerce,,,medium,2001,,The capital employed is,,"₦1,000","₦1,370",₦140,₦50,,,jamb-archive|needs-key|needs-figure,past-question,draft
COM-J00664,JAMB,Commerce,,,medium,2001,,The capital owned is,,"₦2,740","₦1,350","₦1,150",₦570,,,jamb-archive|needs-key|needs-figure,past-question,draft
COM-J00665,JAMB,Commerce,,,medium,,,Use the information above to answer questions What is the owners' equity?,,₦250 000,₦300 000,₦420 000,₦200 000,,,jamb-archive|needs-key|needs-figure,past-question,draft
COM-J00666,JAMB,Commerce,,,medium,,,Use the information above to answer questions Find the current ratio,,1.53:1,"1, 85:1",0. 87: 1,"0, 50:1",,,jamb-archive|needs-key|needs-figure,past-question,draft
COM-J00667,JAMB,Commerce,,,medium,,,"Use the diagram above to answer the question As the branches indicate, IV is",,commerce,exchange,finance,construction,,,jamb-archive|needs-key|needs-figure,past-question,draft
COM-J00668,JAMB,Commerce,,,medium,,,Use the diagram above to answer questions What does V represent?,,Ais to trade,Advertising,Manufacturing,industry,,,jamb-archive|needs-key|needs-figure,past-question,draft
COM-J00669,JAMB,Commerce,,,medium,,,X represents,,action,transmission,ideation,receiver,,,jamb-archive|needs-key|needs-figure,past-question,draft
COM-J00670,JAMB,Commerce,,,medium,,,In the communication process. Y represents,,the encoder,the medium,the initator,noise,,,jamb-archive|needs-key|needs-figure,past-question,draft
COM-J00671,JAMB,Commerce,,,medium,,,What is the capital employed?,,₦200 000,₦340 000,₦170 000,₦300 000,,,jamb-archive|needs-key|needs-figure,past-question,draft
COM-J00672,JAMB,Commerce,,,medium,,,What is the net working capital?,,₦6 000 000,₦16 000 000,(₦11 000 000),₦25 000 000,,,jamb-archive|needs-key|needs-figure,past-question,draft
COM-J00673,JAMB,Commerce,,,medium,,,Determine the owner's equity,,₦38 000 000,₦20 000 000,₦42 000 000,₦25 000 000,,,jamb-archive|needs-key|needs-figure,past-question,draft
COM-J00674,JAMB,Commerce,,,medium,,,10% IS CHARGED ON DEPRECIATION OF FIXED ASSETS Determine the value of Ojo's fixed assets,,₦14450,₦13450,₦13005,₦12005,,,jamb-archive|needs-key|needs-figure,past-question,draft
COM-J00675,JAMB,Commerce,,,medium,,,What is Ojo's working capital?,,₦2150,₦1950,₦1800,₦1150,,,jamb-archive|needs-key|needs-figure,past-question,draft
ECO-J00870,JAMB,Economics,,,medium,2001,,"The diagram shows the total utility curve. At the point M, marginal utility",,increases,is unity,diminishes,is zero,,,jamb-archive|needs-key|needs-figure,past-question,draft
ECO-J00871,JAMB,Economics,,,medium,2001,,The table above shows a demand schedule for eggs. What is the equilibrium price?,,₦100,₦110,₦60,₦80,,,jamb-archive|needs-key|needs-figure,past-question,draft
ECO-J00872,JAMB,Economics,,,medium,,,"In the diagram above, the marginal rate of substitution of X for Y, for a movement from S to T is",,13:3,1:5,18:4,5:1,,,jamb-archive|needs-key|needs-figure,past-question,draft
ECO-J00873,JAMB,Economics,,,medium,,,"In the pie chart below, the percentage for children is equivalent to",,288 o,720 o,90 o,144 o,,,jamb-archive|needs-key|needs-figure,past-question,draft
ECO-J00874,JAMB,Economics,,,medium,,,"In the diagram above, what is the excess demand at the price of ₦60",,200,300,600,100,,,jamb-archive|needs-key|needs-figure,past-question,draft
ECO-J00875,JAMB,Economics,,,medium,,,"In the diagrams, the opportunity cost of a unit of cotton in terms of cocoa is",,4 for Ghana; 2 for Nigeria,20 for Ghana; 60 for Nigeria,1/4 for Ghana; 1/2 for Nigeria,5 for Ghana; 30 for Nigeria,,,jamb-archive|needs-key|needs-figure,past-question,draft
ECO-J00876,JAMB,Economics,,,medium,,,Use the production possibility curve of a country represented in the diagram above to this questions.An improvement in technology will enable the country to produce at,,V,W,X,Z,,,jamb-archive|needs-key|needs-figure,past-question,draft
ECO-J00877,JAMB,Economics,,,medium,,,"If the country is currently producing at point Y, it can increase production of producer goods by moving to the point",,V,W,X,Z,,,jamb-archive|needs-key|needs-figure,past-question,draft
ECO-J00878,JAMB,Economics,,,medium,,,"In the table above, the price of commodity y is ₦2 and that of x is ₦1 while the individual has an income of ₦12. Determine the combination of the two commodities the individual should consume to maximize his utility",,3y and 3x,6y and 4x,3y and 6x,5y and 5x,,,jamb-archive|needs-key|needs-figure,past-question,draft
ECO-J00879,JAMB,Economics,,,medium,,,The diagram above represents the short-run position of a monopolist. The profit-maximizing output is,,Q 3,Q 4,Q 1,Q 2,,,jamb-archive|needs-key|needs-figure,past-question,draft
ECO-J00880,JAMB,Economics,,,medium,,,"In the diagram above, ST is the budget line while l,ll and lll represent indifference curves. A rational consumer will choose to consume at point",,M,J,K,L,,,jamb-archive|needs-key|needs-figure,past-question,draft
ECO-J00881,JAMB,Economics,,,medium,,,The table above shows the combinations of beans and rice that can be purchased by a consumer. The opportunity cost of moving from K to L is,,2 units of rice,5 units of beans,17 units of rice,20 units of beans,,,jamb-archive|needs-key|needs-figure,past-question,draft
ECO-J00882,JAMB,Economics,,,medium,,,The diagram above shows the shifts in both demand supply curves. What is the new equilibrium point after the shifts?,,E 3,E 1,E 4,E 2,,,jamb-archive|needs-key|needs-figure,past-question,draft
ECO-J00883,JAMB,Economics,,,medium,,,"When there is a change from T to N, it implies that",,Supply has increased,Quantity supplied has increased,Quantity demanded has increased,Price has fallen,,,jamb-archive|needs-key|needs-figure,past-question,draft
ECO-J00884,JAMB,Economics,,,medium,,,A movement from M to T implies that there has been,,A decrease in supply,An increase in demand,A decrease in price,An increase in price,,,jamb-archive|needs-key|needs-figure,past-question,draft
ECO-J00885,JAMB,Economics,,,medium,,,What is the median quantity?,,5kg,6kg,3kg,4kg,,,jamb-archive|needs-key|needs-figure,past-question,draft
ECO-J00886,JAMB,Economics,,,medium,,,"Applying the law of comparative costs, how many units of groundnuts will Nigeria produce?",,7000 units,16000 units,9000 units,8000 units,,,jamb-archive|needs-key|needs-figure,past-question,draft
ECO-J00887,JAMB,Economics,,,medium,,,Find the mean price of the distribution,,₦54,₦51,₦56,₦59,,,jamb-archive|needs-key|needs-figure,past-question,draft
ECO-J00888,JAMB,Economics,,,medium,,,The difference in each country's total output on specification is,,16000 units,9000 units,8000 units,7000 units,,,jamb-archive|needs-key|needs-figure,past-question,draft
ECO-J00889,JAMB,Economics,,,medium,,,"If the price per unit is ₦2, what is the average revenue when 6 men are employed?",,₦220,₦120,110,₦330,,,jamb-archive|needs-key|needs-figure,past-question,draft
ECO-J00890,JAMB,Economics,,,medium,,,The diagram above shows the effect of,,excess demand over supply at q 3,excess supply over demand at q 2,minimum price legislation at P 2,maximum price legislation at P 2,,,jamb-archive|needs-key|needs-figure,past-question,draft
ECO-J00891,JAMB,Economics,,,medium,,,A movement from K to M will,,decrease the consumer's utility,increase the price of the commodity,increase the consumer's utility,leave consumer's utility unchanged,,,jamb-archive|needs-key|needs-figure,past-question,draft
ECO-J00892,JAMB,Economics,,,medium,,,"A point P, the marginal rate of substitution is",,less than one,greater than one,zero,unity,,,jamb-archive|needs-key|needs-figure,past-question,draft
ECO-J00893,JAMB,Economics,,,medium,,,The diagram above shows a firm operating under conditions of monopolistic competition. The curve W represents its,,marginal cost,average cost,average revenue,marginal revenue,,,jamb-archive|needs-key|needs-figure,past-question,draft
ECO-J00894,JAMB,Economics,,,medium,,,The maximum number of workers that should be hired is,,2,3,4,5,,,jamb-archive|needs-key|needs-figure,past-question,draft
ECO-J00895,JAMB,Economics,,,medium,,,What is the marginal productivity when the number of workers is increased from 2 to 3?,,8kg,20kg,60kg,180kg,,,jamb-archive|needs-key|needs-figure,past-question,draft
ECO-J00896,JAMB,Economics,,,medium,,,The table shows the wage distribution of workers.Calculate the mean wage,,₦7.40,₦4.00,₦10.00,₦14.80,,,jamb-archive|needs-key|needs-figure,past-question,draft
ECO-J00897,JAMB,Economics,,,medium,,,What is the median wage?,,₦8.00,₦5.00,₦11.00,₦6.50,,,jamb-archive|needs-key|needs-figure,past-question,draft
ECO-J00898,JAMB,Economics,,,medium,,,"In the diagram above, there is an excess",,demand for 30 units,supply of 40 units,demand for 20 units,supply of 20 units,,,jamb-archive|needs-key|needs-figure,past-question,draft
ECO-J00899,JAMB,Economics,,,medium,,,"From the graph above , point M shows that MC",,cuts AC at its minimum point,and AC rises simultaneously,cuts AC at its maximum point,is falling,,,jamb-archive|needs-key|needs-figure,past-question,draft
ECO-J00900,JAMB,Economics,,,medium,,,"From the shaded area of the diagram above, an appropriate population policy will be to",,encourage early marriages,discourage immigration,discourage polygamy,encourage the use of contraceptives,,,jamb-archive|needs-key|needs-figure,past-question,draft
ECO-J00901,JAMB,Economics,,,medium,,,The percentage contribution of the transport sector is:,,600.0,166.7,60.0,16.7,,,jamb-archive|needs-key|needs-figure,past-question,draft
ECO-J00902,JAMB,Economics,,,medium,,,"If the contribution of the oil sector is ₦3.6 million, what is the contribution of the other sectors?",,₦10.8 million,₦7.2 million,₦3.6 million,₦2.4 million,,,jamb-archive|needs-key|needs-figure,past-question,draft
ECO-J00903,JAMB,Economics,,,medium,,,The marginal product of the 5th unit of capital is,,42,85,144,213,,,jamb-archive|needs-key|needs-figure,past-question,draft
ECO-J00904,JAMB,Economics,,,medium,,,Determine the average product of the 4th unit of capital,,53,86,212,213,,,jamb-archive|needs-key|needs-figure,past-question,draft
GEO-J00779,JAMB,Geography,,,medium,2001,,Cocoa production represents,,16%,20%,62%,4%,,,jamb-archive|needs-key|needs-figure,past-question,draft
GEO-J00780,JAMB,Geography,,,medium,2001,,Tree crop production represents,,42%,45%,36%,39%,,,jamb-archive|needs-key|needs-figure,past-question,draft
GEO-J00781,JAMB,Geography,,,medium,2001,,The crop that will be most suitable for cultivation in the lower basin of River Madu is,,Coffee,Groundnut,Cotton,Rice,,,jamb-archive|needs-key|needs-figure,past-question,draft
GEO-J00782,JAMB,Geography,,,medium,2001,,The feature running approximately north to north-east on which the trigonometrical station is located is a,,Conical hill,Cliff,Ridge,Plateau,,,jamb-archive|needs-key|needs-figure,past-question,draft
GEO-J00783,JAMB,Geography,,,medium,2001,,The distance as the crow flies between the trigonometrical station and Josan is approximately,,5.5km,5.0km,6.5km,6.0km,,,jamb-archive|needs-key|needs-figure,past-question,draft
GEO-J00784,JAMB,Geography,,,medium,2001,,The most prominent economic activity in the North-Western part of the area is likely to be,,Mining,Lumbering,Mixed farming,Animal husbandry,,,jamb-archive|needs-key|needs-figure,past-question,draft
GEO-J00785,JAMB,Geography,,,medium,2001,,The highest point in the area is,,300m,250m,320m,275m,,,jamb-archive|needs-key|needs-figure,past-question,draft
GEO-J00786,JAMB,Geography,,,medium,,,The prevailing winds indicated are active over most of the country from,,March to November,November to March,April to October,October to April,,,jamb-archive|needs-key|needs-figure,past-question,draft
GEO-J00787,JAMB,Geography,,,medium,,,The total annual rainfall received within the shaded area ranges from,,301 cm to 400 cm,201 cm to 300 cm,50 cm to 100 cm,101 cm to 200 cm,,,jamb-archive|needs-key|needs-figure,past-question,draft
GEO-J00788,JAMB,Geography,,,medium,,,The feature marked X in the diagram is a,,beach,spit,stack,cliff,,,jamb-archive|needs-key|needs-figure,past-question,draft
GEO-J00789,JAMB,Geography,,,medium,,,The feature is one of the landforms association with,,wind deflation,wave erosion,river erosion,wind deposition,,,jamb-archive|needs-key|needs-figure,past-question,draft
GEO-J00790,JAMB,Geography,,,medium,,,The lake marked N is mostly used for,,Transportation and irrigation,Transportation and fishing,Tourism and domestic water supply,Tourism and HEP generation,,,jamb-archive|needs-key|needs-figure,past-question,draft
GEO-J00791,JAMB,Geography,,,medium,,,"A common feature of the lakes marked F,G,H is that they are",,Used for HEP,Located very close to the equator,Located within the East African Rift Valley,Very shallow,,,jamb-archive|needs-key|needs-figure,past-question,draft
GEO-J00792,JAMB,Geography,,,medium,,,The Oke-Hatis Road passes through the floodable plain of River Haba by means of,,A flyover,An embankment,An underground passage,A road cutting,,,jamb-archive|needs-key|needs-figure,past-question,draft
GEO-J00793,JAMB,Geography,,,medium,,,The length of the secondary road on the map is approximately,,11.5km,12.5km,13.5km,10.5km,,,jamb-archive|needs-key|needs-figure,past-question,draft
GEO-J00794,JAMB,Geography,,,medium,,,The main occupation of the people in the area on the map is most likely to be,,Fishing,Lumbering,Mining,Farming,,,jamb-archive|needs-key|needs-figure,past-question,draft
GEO-J00795,JAMB,Geography,,,medium,,,The feature marked Y north of Hatis is,,An ox-bow lake,An isolated hill,A depression,A sand bar,,,jamb-archive|needs-key|needs-figure,past-question,draft
GEO-J00796,JAMB,Geography,,,medium,,,The most prominent feature of River Haba downstream of the bridge is a,,Levee,Knick point,Meander,Braid,,,jamb-archive|needs-key|needs-figure,past-question,draft
GEO-J00797,JAMB,Geography,,,medium,,,The most common mature soil types in the shaded portion are,,alluvial soil,forest soil,drifts soils,laterite soil,,,jamb-archive|needs-key|needs-figure,past-question,draft
GEO-J00798,JAMB,Geography,,,medium,,,The condition that promotes the formation of these soils is,,distinct wet and dry season,dense tropical rain forest,extensive savannah grassland,dense rural plantation,,,jamb-archive|needs-key|needs-figure,past-question,draft
GEO-J00799,JAMB,Geography,,,medium,,,"If the management of school Y decides to award scholarship to the top 10% of the students, determine the lowest mark to qualify for a scholarship",,86%,82%,78%,74%,,,jamb-archive|needs-key|needs-figure,past-question,draft
GEO-J00800,JAMB,Geography,,,medium,,,How many students scored between 6% and 60%,,70,66,62,58,,,jamb-archive|needs-key|needs-figure,past-question,draft
GEO-J00801,JAMB,Geography,,,medium,,,Which of the following pairs of settlements is intervisible?,,Abuojo and Hua,Miki and Abuojo,Hua and Bikun,Bikun and Abuojo,,,jamb-archive|needs-key|needs-figure,past-question,draft
GEO-J00802,JAMB,Geography,,,medium,,,The approximate gradient between the point marked X and the trigonometrical station is,,1:7,1:9,1:11,1:13,,,jamb-archive|needs-key|needs-figure,past-question,draft
GEO-J00803,JAMB,Geography,,,medium,,,The most important economic activity in Nuriki District is,,Fishing,Farming,Mining,Lumbering,,,jamb-archive|needs-key|needs-figure,past-question,draft
GEO-J00804,JAMB,Geography,,,medium,,,The total land area of Nuriki District is,,290sq km,300sq km,310sq km,320 sq km,,,jamb-archive|needs-key|needs-figure,past-question,draft
GEO-J00805,JAMB,Geography,,,medium,,,The steepest part of the area is devoid of settlements because it,,Lacks roads,Is too high,Is thinly vegetated,Is prone to erosion,,,jamb-archive|needs-key|needs-figure,past-question,draft
GEO-J00806,JAMB,Geography,,,medium,,,"From the diagram above, the gross capital formation from 1964 t0 1966 was",,₦1500 million,₦1200 million,₦900 million,₦150 million,,,jamb-archive|needs-key|needs-figure,past-question,draft
GEO-J00807,JAMB,Geography,,,medium,,,The histogram above shows a steady growth of gross capital formation occurred between,,1967 and 1971,1964 and 1968,1969 and 1973,1966 and 1970,,,jamb-archive|needs-key|needs-figure,past-question,draft
GEO-J00808,JAMB,Geography,,,medium,,,Express the agricultural production of Y in degrees.,,57 o,67 o,37 o,47 o,,,jamb-archive|needs-key|needs-figure,past-question,draft
GEO-J00809,JAMB,Geography,,,medium,,,The diagram is a,,pie chart,chloropeth map,proportional graph,bar graph,,,jamb-archive|needs-key|needs-figure,past-question,draft
GEO-J00810,JAMB,Geography,,,medium,,,What pattern of flow did the river develop towards the southern edge of the mapped area?,,Meandering,straight,Braiding,Radial,,,jamb-archive|needs-key|needs-figure,past-question,draft
GEO-J00811,JAMB,Geography,,,medium,,,In what stage of development is the river?,,Late youth,Old age,Early youth,Maturity age,,,jamb-archive|needs-key|needs-figure,past-question,draft
GEO-J00812,JAMB,Geography,,,medium,,,The height of the point marked X is approximately,,572m,582m,592m,562m,,,jamb-archive|needs-key|needs-figure,past-question,draft
GEO-J00813,JAMB,Geography,,,medium,,,All the settlements are located,,On top of hills,Away from the flood plains,On steep slopes,On the floodplains,,,jamb-archive|needs-key|needs-figure,past-question,draft
GEO-J00814,JAMB,Geography,,,medium,,,Zara town is located in the,,Southeast,Southwest,Northeast,Northwest,,,jamb-archive|needs-key|needs-figure,past-question,draft
GEO-J00815,JAMB,Geography,,,medium,,,The two likely occupations in the area are fishing and,,Lumbering,Manufacturing,Mining,Farming,,,jamb-archive|needs-key|needs-figure,past-question,draft
GEO-J00816,JAMB,Geography,,,medium,,,The distance by road from Zara to Lime is approximately,,4km,6km,10km,8km,,,jamb-archive|needs-key|needs-figure,past-question,draft
GEO-J00817,JAMB,Geography,,,medium,,,The reservoir was created primarily for,,industrial power generation,inland fishing industry,large-scale irrigation,inland water transportation,,,jamb-archive|needs-key|needs-figure,past-question,draft
GEO-J00818,JAMB,Geography,,,medium,,,The Town marked X and Y respectively are,,Tema and Akosombo,Accra and Kumasi,Tarkoradi and Tema,Accra and Tarkoradi,,,jamb-archive|needs-key|needs-figure,past-question,draft
GEO-J00819,JAMB,Geography,,,medium,,,The Major cash crop in the shaded portion is,,Kolanut,rubber,oil palm,cocoa,,,jamb-archive|needs-key|needs-figure,past-question,draft
GEO-J00820,JAMB,Geography,,,medium,,,The production of the crop is usually done mainly through,,gathering from natural forest and plantation,Plantation and large-scale irrigation,mixed farming and small-holder cultivation,smaller-holder cultivation and large - scale irrigation,,,jamb-archive|needs-key|needs-figure,past-question,draft
GEO-J00821,JAMB,Geography,,,medium,,,The feature shown are,,rock boulders,disintegrated blocks,exfoliation domes,rounded boulders,,,jamb-archive|needs-key|needs-figure,past-question,draft
GEO-J00822,JAMB,Geography,,,medium,,,The feature are usually associated with,,dry and wet tropics,faulted topography,folded environments,Karst regions,,,jamb-archive|needs-key|needs-figure,past-question,draft
GEO-J00823,JAMB,Geography,,,medium,,,The rock that is igneous is,,H,J,K,L,,,jamb-archive|needs-key|needs-figure,past-question,draft
GEO-J00824,JAMB,Geography,,,medium,,,Limestone can be identified within the area marked,,N,M,K,L,,,jamb-archive|needs-key|needs-figure,past-question,draft
GEO-J00825,JAMB,Geography,,,medium,,,The total area covered by the map is approximately,,288sq km,278sq km,258sq km,268sq km,,,jamb-archive|needs-key|needs-figure,past-question,draft
GEO-J00826,JAMB,Geography,,,medium,,,The railway has most probably been constructed to transport,,Passengers,Farm produce,Minerals,Forest products,,,jamb-archive|needs-key|needs-figure,past-question,draft
GEO-J00827,JAMB,Geography,,,medium,,,The average gradient of the rail line from the centre of Zafi to the bridge over River Saga is approximately,,1:68,1:65,1:62,1:59,,,jamb-archive|needs-key|needs-figure,past-question,draft
GEO-J00828,JAMB,Geography,,,medium,,,The dominant settlement pattern in the eastern part of the map can best be described as,,Nucleated,Linear,Conurbated,dispersed,,,jamb-archive|needs-key|needs-figure,past-question,draft
GEO-J00829,JAMB,Geography,,,medium,,,Places that are likely to be visible from the trigonometrical station are,,Ligo and Pom,Figu and Ligo,Kileko and Figu,Pom and Kileko,,,jamb-archive|needs-key|needs-figure,past-question,draft
GEO-J00830,JAMB,Geography,,,medium,,,The total number of Acacia albida in the four sites is approximately,,970,950,930,910,,,jamb-archive|needs-key|needs-figure,past-question,draft
GEO-J00831,JAMB,Geography,,,medium,,,Which of the following statements about the diagram is true?,,The number of albida in site 1 is the same as that of seyal in site 4,The number of seyal in site 1 is the same as that of albida in site 4,The number of albida in site 1 is the same as that of albida in site 4,The number of seyal in site 1 is the same as that of seyal in site 4,,,jamb-archive|needs-key|needs-figure,past-question,draft
GEO-J00832,JAMB,Geography,,,medium,,,The area lies mainly in the,,Guinea savanna,Sudan savanna,derived savanna,Sahel savanna,,,jamb-archive|needs-key|needs-figure,past-question,draft
GEO-J00833,JAMB,Geography,,,medium,,,The shaded area is the,,Niger-Benue syncline,Niger-Benue confluence,Niger-Benue Basin,Niger-Benue trough,,,jamb-archive|needs-key|needs-figure,past-question,draft
GEO-J00834,JAMB,Geography,,,medium,,,The main annual rainfall in the shaded area is,,1600mm - 3200mm,800mm - 1600mm,400mm - 800mm,above 3200mm,,,jamb-archive|needs-key|needs-figure,past-question,draft
GEO-J00835,JAMB,Geography,,,medium,,,The rains occur mainly as a result of,,south-east trade wind,strong orographic effects,north - east trade winds,strong conventional currents,,,jamb-archive|needs-key|needs-figure,past-question,draft
GEO-J00836,JAMB,Geography,,,medium,,,The landform is the result,,compressional faulting and erosion,tensional faulting only,compressional faulting only,tensional faulting and erosion,,,jamb-archive|needs-key|needs-figure,past-question,draft
GEO-J00837,JAMB,Geography,,,medium,,,The slope identified as X is,,a rising limb,an escarpment,a fault scarp,a fault-line scarp,,,jamb-archive|needs-key|needs-figure,past-question,draft
GEO-J00838,JAMB,Geography,,,medium,,,The landform marked X is a,,Gap,Valley,Saddle,Trough,,,jamb-archive|needs-key|needs-figure,past-question,draft
GEO-J00839,JAMB,Geography,,,medium,,,The bearing of La'ah from Gambo is,,60 o,300 o,30 o,120 o,,,jamb-archive|needs-key|needs-figure,past-question,draft
GEO-J00840,JAMB,Geography,,,medium,,,The major economic activity in the area is likely to be,,Fishing,Lumbering,Farming,Pastoralism,,,jamb-archive|needs-key|needs-figure,past-question,draft
GEO-J00841,JAMB,Geography,,,medium,,,The total length of River Maya is approximately,,7.5km,5.5km,8.5km,6.5km,,,jamb-archive|needs-key|needs-figure,past-question,draft
GEO-J00842,JAMB,Geography,,,medium,,,The relief pattern on the map reveals,,A dissected plateau,A marshy land,An undulating lowland,An old river valley,,,jamb-archive|needs-key|needs-figure,past-question,draft
GEO-J00843,JAMB,Geography,,,medium,,,From the diagram above the textural class that can hold the greatest amount of moisture is,,Sand loam,Sand,Clay,Clay loam,,,jamb-archive|needs-key|needs-figure,past-question,draft
GEO-J00844,JAMB,Geography,,,medium,,,From the diagram above the amount of moisture retained by clay loam soil is approximately,,150 mm,50 mm,200 mm,100 mm,,,jamb-archive|needs-key|needs-figure,past-question,draft
GEO-J00845,JAMB,Geography,,,medium,,,Which of the following ethnic groups is mainly found in the area marked I?,,The Ijaw,The Kanuri,The Tiv,The yoruba,,,jamb-archive|needs-key|needs-figure,past-question,draft
GEO-J00846,JAMB,Geography,,,medium,,,The major export crop cultivated in the area marked III is,,groundnut,cocoa,rubber,sugarcane,,,jamb-archive|needs-key|needs-figure,past-question,draft
GEO-J00847,JAMB,Geography,,,medium,,,From the diagram above the structure labelled Y is a,,sill,batholith,hill,lopolith,,,jamb-archive|needs-key|needs-figure,past-question,draft
GEO-J00848,JAMB,Geography,,,medium,,,From the diagram above the structured marked X is a,,ridge,laccolith,vent,dyke,,,jamb-archive|needs-key|needs-figure,past-question,draft
GEO-J00849,JAMB,Geography,,,medium,,,The area likely to experience seasonal flooding lies,,Above q 120-metre contour,Between 105 and 120 metre contours,Between 105 and 135 metre contours,Below a 105 metre contour,,,jamb-archive|needs-key|needs-figure,past-question,draft
GEO-J00850,JAMB,Geography,,,medium,,,Kondo is situated mainly on a,,Hill,Scarp,Ridge,Gap,,,jamb-archive|needs-key|needs-figure,past-question,draft
GEO-J00851,JAMB,Geography,,,medium,,,The slope east of Parko-Gbo Road is,,Convex,Gentle,Concave,Steep,,,jamb-archive|needs-key|needs-figure,past-question,draft
GEO-J00852,JAMB,Geography,,,medium,,,Abag and Lobodo are most likely to be,,Educational settlements,Mining settlements,Commercial settlements,Industrial settlements,,,jamb-archive|needs-key|needs-figure,past-question,draft
GEO-J00853,JAMB,Geography,,,medium,,,The total length of the railway line is approximately,,11.5km,9.5km,12.5km,10.5km,,,jamb-archive|needs-key|needs-figure,past-question,draft
GEO-J00854,JAMB,Geography,,,medium,,,The combined petroleum production of Saudi Arabia and Russia in 2003 in million tonnes is approximately,,600,750,900,1050,,,jamb-archive|needs-key|needs-figure,past-question,draft
GEO-J00855,JAMB,Geography,,,medium,,,"If the total production of petroleum is estimated to be 201 million tonnes, what is the approximate percentage of the production by the USA?",,12%,14%,16%,18%,,,jamb-archive|needs-key|needs-figure,past-question,draft
GEO-J00856,JAMB,Geography,,,medium,,,The bearing of Olefi from Kosi is,,035 o,085 o,127 o,305 o,,,jamb-archive|needs-key|needs-figure,past-question,draft
GEO-J00857,JAMB,Geography,,,medium,,,The length of River Tere from the edge of the map to the confluence with River Epe is approximately,,3.70km,4.70km,5.70km,"6,70km",,,jamb-archive|needs-key|needs-figure,past-question,draft
GEO-J00858,JAMB,Geography,,,medium,,,The likely human activity in the northern part of the map is,,Lumbering,Fishing,Mining,Quarring,,,jamb-archive|needs-key|needs-figure,past-question,draft
GEO-J00859,JAMB,Geography,,,medium,,,The second largest settlement on the map is,,Oziza,Tere,Kosi,Pkeku,,,jamb-archive|needs-key|needs-figure,past-question,draft
GEO-J00860,JAMB,Geography,,,medium,,,Which of the following towns are not intervisible?,,Epe and Karaga,Oziza and Pheku,Kera and Kosi,Tere and Olefi,,,jamb-archive|needs-key|needs-figure,past-question,draft
GEO-J00861,JAMB,Geography,,,medium,,,The processes of landform development illustrated is,,folding,volcanic eruption,faulting,mass movement,,,jamb-archive|needs-key|needs-figure,past-question,draft
GEO-J00862,JAMB,Geography,,,medium,,,The slope labelled X is best described as a,,valley slide slope,faultscarp,cuesta,fault-line scarp,,,jamb-archive|needs-key|needs-figure,past-question,draft
GEO-J00863,JAMB,Geography,,,medium,,,The location of Sabe town has been influenced mostly by the,,Mineral workings and agriculture,Rivers that pass through the town,Latitude of the area,Mineral workings and transportation,,,jamb-archive|needs-key|needs-figure,past-question,draft
GEO-J00864,JAMB,Geography,,,medium,,,The total length of River Yalen from the boundary at Ijer to its confluence with River Ayila is approximately,,8.8km,7.6km,5.7km,3.3km,,,jamb-archive|needs-key|needs-figure,past-question,draft
GEO-J00865,JAMB,Geography,,,medium,,,The elevation of the point marked Z is approximately,,500m,525m,550m,575m,,,jamb-archive|needs-key|needs-figure,past-question,draft
GEO-J00866,JAMB,Geography,,,medium,,,The landform marked S is a,,Col,Spur,Plateau,Knoll,,,jamb-archive|needs-key|needs-figure,past-question,draft
GEO-J00867,JAMB,Geography,,,medium,,,Which of the following crops are likely to do well in the south west?,,Cocoa and cassava,Maize and cocoa,Rice and sugar cane,Sugarcane and coffee,,,jamb-archive|needs-key|needs-figure,past-question,draft
